#{"t_start": 1658865452.5116673, "env_id": "DeepRMSCA-v0"}
r,l,t,service_blocking_rate_since_reset,bit_rate_blocking_rate_since_reset
42,50,21.741821,0.08,0.10459634649381261
30,50,22.03289,0.2,0.21107266435986158
2,50,22.362963,0.48,0.4943164362519201
-12,50,22.61402,0.62,0.6327774214239897
-28,50,22.852075,0.78,0.7817569635751453
-38,50,23.059134,0.88,0.9024390243902439
-36,50,23.302795,0.86,0.8779312560231288
-32,50,23.520845,0.82,0.8106035345115038
-30,50,23.757899,0.8,0.8225913621262458
-34,50,23.966947,0.84,0.8523263654753878
-30,50,24.214003,0.8,0.787777439951353
-26,50,24.46206,0.76,0.7873868248517015
-34,50,24.671108,0.84,0.8264794383149449
-40,50,24.858152,0.9,0.904397705544933
-22,50,25.084203,0.72,0.7498418722327641
-36,50,25.276247,0.86,0.8804007514088916
-38,50,25.481294,0.88,0.8901937756899589
-38,50,25.667336,0.88,0.847108787977785
-32,50,25.868382,0.82,0.8460504201680672
-36,50,26.052425,0.86,0.879760780610639
-28,50,27.032266,0.78,0.7768568696206567
-28,50,27.22031,0.78,0.7666666666666667
-40,50,27.416354,0.9,0.901227177491769
-28,50,27.622401,0.78,0.766083800725833
-32,50,27.832449,0.82,0.8497868153492949
-28,50,28.038496,0.78,0.774286630330234
-42,50,28.253546,0.92,0.9186521443158612
-36,50,28.44659,0.86,0.8530150753768844
-38,50,28.656638,0.88,0.8938948743062357
-38,50,28.857684,0.88,0.8966824644549763
-34,50,29.063734,0.84,0.8033726812816189
-32,50,29.253778,0.82,0.8115610711952972
-38,50,29.457824,0.88,0.845736186521878
-40,50,29.641866,0.9,0.897063369397218
-32,50,29.845468,0.82,0.8235294117647058
-28,50,30.038512,0.78,0.8182448838015955
-30,50,30.238558,0.8,0.7856917743460448
-42,50,30.420554,0.92,0.8948647827408083
-48,50,30.607597,0.98,0.9816687737041719
-36,50,30.786638,0.86,0.8445692883895131
-36,50,31.180729,0.86,0.8521375763420123
-34,50,31.36377,0.84,0.8681849551414769
-38,50,31.557815,0.88,0.8858490566037736
-32,50,31.745044,0.82,0.8093023255813954
-36,50,31.943035,0.86,0.8497713912475506
-42,50,32.124076,0.92,0.9284109149277688
-44,50,32.326122,0.94,0.9321625344352618
-36,50,32.509163,0.86,0.8569918985558295
-40,50,32.709038,0.9,0.919488597097443
-42,50,32.891079,0.92,0.9089219330855018
-38,50,33.093126,0.88,0.8651755203479341
-40,50,33.273167,0.9,0.9093078758949881
-36,50,33.466211,0.86,0.8878326996197718
-30,50,33.660257,0.8,0.8096430807764559
-38,50,33.862303,0.88,0.9089714097929674
-36,50,34.061028,0.86,0.8885145482388974
-44,50,34.258073,0.94,0.957166392092257
-42,50,34.430128,0.92,0.9220012430080795
-28,50,34.63968,0.78,0.7881692002643754
-34,50,34.822722,0.84,0.8070729396905589
-42,50,35.036772,0.92,0.9144523655217109
-40,50,35.411782,0.9,0.9224855861627163
-28,50,35.616832,0.78,0.800063371356147
-34,50,35.798873,0.84,0.8099089989888777
-32,50,36.013922,0.82,0.7848948374760994
-36,50,36.199259,0.86,0.851469163706813
-34,50,36.414306,0.84,0.8195091643367506
-38,50,36.601349,0.88,0.8841294298921417
-34,50,36.810397,0.84,0.8110999665663657
-32,50,37.007442,0.82,0.8252459016393443
-42,50,37.209488,0.92,0.9159690920798454
-34,50,37.402777,0.84,0.816017316017316
-36,50,37.645832,0.86,0.8569062603511096
-26,50,37.85488,0.76,0.7757861635220126
-34,50,38.089934,0.84,0.848208248816768
-40,50,38.308984,0.9,0.9048042704626335
-38,50,38.536036,0.88,0.8727029736050785
-40,50,38.740083,0.9,0.8975109809663251
-40,50,38.94813,0.9,0.8907086614173229
-40,50,39.139745,0.9,0.8930379746835443
-42,50,39.363797,0.92,0.9149223497636731
-36,50,39.757886,0.86,0.8715829624920534
-38,50,39.973936,0.88,0.914014687882497
-42,50,40.178982,0.92,0.9266600594648167
-28,50,40.393035,0.78,0.7646869983948635
-38,50,40.567075,0.88,0.8347375243033053
-32,50,40.770121,0.82,0.8033655344344033
-46,50,40.949162,0.96,0.9594155844155844
-44,50,41.145211,0.94,0.9462157809983897
-40,50,41.329254,0.9,0.8699478487614081
-34,50,41.527299,0.84,0.8461538461538461
-44,50,41.70434,0.94,0.9511811023622048
-30,50,41.913956,0.8,0.790119668610003
-32,50,42.113002,0.82,0.8493055555555555
-44,50,42.312052,0.94,0.9414188990285546
-38,50,42.502095,0.88,0.8782771535580525
-26,50,42.713144,0.76,0.7891547049441786
-32,50,42.909189,0.82,0.836834094368341
-44,50,43.106234,0.94,0.9537856440511308
-28,50,43.297278,0.78,0.7758620689655172
-40,50,43.494324,0.9,0.8682411435674332
-38,50,43.670362,0.88,0.857586099906919
-30,50,44.114464,0.8,0.8019340974212035
-42,50,44.286504,0.92,0.9389623601220752
-34,50,44.499552,0.84,0.875
-36,50,44.691597,0.86,0.8317785133915137
-30,50,44.897644,0.8,0.7876190476190477
-30,50,45.10069,0.8,0.7687188019966722
-36,50,45.301737,0.86,0.8327963917525774
-30,50,45.487779,0.8,0.8148976982097187
-42,50,45.684828,0.92,0.9117373799938061
-36,50,45.881874,0.86,0.8582972582972583
-36,50,46.093921,0.86,0.8946808510638298
-28,50,46.315973,0.78,0.7873230373230373
-30,50,46.54349,0.8,0.7929246721561451
-40,50,46.734537,0.9,0.9314115308151093
-34,50,46.942587,0.84,0.8380921479558728
-42,50,47.119627,0.92,0.9395348837209302
-36,50,47.327675,0.86,0.874692118226601
-38,50,47.503715,0.88,0.8884310618066561
-40,50,47.709762,0.9,0.8820694087403599
-42,50,47.887802,0.92,0.9130890052356021
-40,50,48.292896,0.9,0.9057971014492754
-36,50,48.478938,0.86,0.8553013213019658
-22,50,48.702,0.72,0.7283428916389979
-24,50,48.904047,0.74,0.7286356821589205
-22,50,49.122097,0.72,0.6827903915761764
-26,50,49.331144,0.76,0.7600889736256753
-32,50,49.546194,0.82,0.7971484121840571
-34,50,49.746239,0.84,0.7999339716077913
-22,50,49.97029,0.72,0.6648096564531105
-38,50,50.158339,0.88,0.8762722646310432
-48,50,50.378389,0.98,0.9853222718570517
-26,50,50.573646,0.76,0.7283950617283951
-34,50,50.780201,0.84,0.843671679197995
-40,50,50.971245,0.9,0.9078520441271901
-42,50,51.178292,0.92,0.9258054018874065
-34,50,51.362335,0.84,0.85952
-40,50,51.557065,0.9,0.9038089089735313
-34,50,51.739922,0.84,0.8134730538922156
-20,50,51.95097,0.7,0.7300097118808676
-34,50,52.140013,0.84,0.8485217921365438
-30,50,52.342058,0.8,0.7716316440049443
-12,50,52.731148,0.62,0.5765102729224164
-28,50,52.933194,0.78,0.7263157894736842
-28,50,53.119237,0.78,0.7923441734417345
-26,50,53.339287,0.76,0.7908794788273615
-32,50,53.530331,0.82,0.8249248245907117
-38,50,53.741379,0.88,0.8439615247595298
-14,50,53.950427,0.64,0.6592592592592592
-28,50,54.186481,0.78,0.7985401459854015
-34,50,54.379525,0.84,0.8220447284345048
-30,50,54.605577,0.8,0.8281002220107834
-36,50,54.819626,0.86,0.8449008498583569
-24,50,55.044677,0.74,0.7395701643489254
-32,50,55.265821,0.82,0.7963715983734752
-26,50,55.489871,0.76,0.7411691153485465
-30,50,55.704921,0.8,0.8142942583732058
-34,50,55.926797,0.84,0.8332260141661301
-24,50,56.150848,0.74,0.7802887633396108
-24,50,56.367897,0.74,0.759765625
-28,50,56.575946,0.78,0.8040149710785982
-38,50,56.788994,0.88,0.8781456953642384
-26,50,57.203088,0.76,0.7805227354099534
-38,50,57.451145,0.88,0.8745949449125081
-20,50,57.661193,0.7,0.7180887372013652
-34,50,57.885248,0.84,0.865845311430527
-22,50,58.102298,0.72,0.708656330749354
-26,50,58.32935,0.76,0.7048062015503876
-18,50,58.541398,0.68,0.6198347107438017
-36,50,58.753446,0.86,0.8425249169435216
-32,50,58.963727,0.82,0.8245842843169221
-20,50,59.189777,0.7,0.7143301212309605
-34,50,59.385821,0.84,0.8066331063073734
-32,50,59.59787,0.82,0.830739299610895
-18,50,59.801917,0.68,0.686890243902439
-24,50,60.016965,0.74,0.753030303030303
-24,50,60.227014,0.74,0.7306188925081433
-42,50,60.449691,0.92,0.9159882774340605
-38,50,60.677742,0.88,0.8509238960225494
-28,50,60.899796,0.78,0.799803085001641
-34,50,61.096841,0.84,0.8345274650290003
-22,50,61.31189,0.72,0.7304663840096911
-32,50,61.498933,0.82,0.8222740913637879
-24,50,61.898024,0.74,0.723410950283197
-24,50,62.086067,0.74,0.720664928292047
-36,50,62.289114,0.86,0.8639648130694314
-32,50,62.478157,0.82,0.8029572484731597
-26,50,62.698161,0.76,0.7865497076023392
-22,50,62.893206,0.72,0.6465182043124779
-42,50,63.110255,0.92,0.9094251336898396
-34,50,63.311301,0.84,0.8442357512953368
-38,50,63.56436,0.88,0.875499538887181
-26,50,63.764405,0.76,0.8039014373716632
-26,50,63.974453,0.76,0.742443729903537
-22,50,64.176113,0.72,0.748062015503876
-34,50,64.392059,0.84,0.8503086419753086
-20,50,64.593105,0.7,0.6635782747603833
-20,50,64.809154,0.7,0.7194050033806626
-24,50,65.005199,0.74,0.7086871325930765
-28,50,65.22025,0.78,0.7825806451612903
-8,50,65.453813,0.58,0.5893845652881797
-36,50,65.666861,0.86,0.8897612037945698
-28,50,65.865907,0.78,0.767349636483807
-16,50,66.312583,0.66,0.6789401238816243
-30,50,66.501626,0.8,0.7589476904252065
-34,50,66.709674,0.84,0.8505154639175257
-26,50,66.903718,0.76,0.7686366689053056
-36,50,67.111767,0.86,0.8486608583414005
-16,50,67.311811,0.66,0.6861548345647286
-26,50,67.529861,0.76,0.7595701813297515
-32,50,67.714904,0.82,0.7934893184130214
-36,50,67.925952,0.86,0.8763297872340425
-18,50,68.13,0.68,0.7049081601927131
-34,50,68.336051,0.84,0.8679004467134652
-32,50,68.523094,0.82,0.8748855660665242
-14,50,68.767149,0.64,0.6512037580739871
-20,50,68.967195,0.7,0.7246722288438617
-16,50,69.209841,0.66,0.669496855345912
-24,50,69.408983,0.74,0.7462487495831944
-28,50,69.619037,0.78,0.8003581020590869
-20,50,69.821083,0.7,0.6847051198963059
-22,50,70.041133,0.72,0.7412967103161929
-30,50,70.23557,0.8,0.7656579873328642
-22,50,70.474628,0.72,0.7229625038735668
-38,50,70.879721,0.88,0.8833227647431833
-28,50,71.09577,0.78,0.8043202033036849
-28,50,71.29382,0.78,0.7589674824002682
-22,50,71.509873,0.72,0.7329172141918529
-8,50,71.717425,0.58,0.5861365953109072
-30,50,71.926474,0.8,0.7883580080753702
-26,50,72.12452,0.76,0.7778132992327366
-10,50,72.350571,0.6,0.6126636009904493
-32,50,72.538614,0.82,0.7959053103007038
-26,50,72.758664,0.76,0.7518450184501845
-20,50,72.952709,0.7,0.6845637583892618
-34,50,73.170758,0.84,0.8533980582524272
-30,50,73.358808,0.8,0.7841239109390126
-30,50,73.572854,0.8,0.845061533606816
-14,50,73.7749,0.64,0.619845792826014
-28,50,73.986949,0.78,0.7660423702793983
-22,50,74.186589,0.72,0.7386397386397386
-26,50,74.402638,0.76,0.7225493591963976
-22,50,74.600683,0.72,0.7225628448804414
-26,50,74.817734,0.76,0.7456685191238966
-16,50,75.220825,0.66,0.646594982078853
-10,50,75.446877,0.6,0.5896069287141905
-4,50,75.660927,0.54,0.5629160063391442
-26,50,75.874975,0.76,0.7525368248772504
-20,50,76.076021,0.7,0.7048192771084337
-18,50,76.292078,0.68,0.6629560915275201
-22,50,76.489124,0.72,0.7023770758710518
-24,50,76.735179,0.74,0.7447899967938442
-22,50,76.962231,0.72,0.702231520223152
-20,50,77.18483,0.7,0.7174323473882945
-22,50,77.382875,0.72,0.7198456095207462
-30,50,77.586432,0.8,0.8123732251521298
-30,50,77.776475,0.8,0.7909709338280767
-8,50,78.005529,0.58,0.5876902713434812
-32,50,78.200571,0.82,0.8446570972886762
-8,50,78.431624,0.58,0.5853010625737899
-20,50,78.627674,0.7,0.6838729383017715
-18,50,78.853725,0.68,0.6706021251475797
-24,50,79.054772,0.74,0.7593669250645995
-24,50,79.2704,0.74,0.7800616649537513
-14,50,79.482448,0.64,0.6517735334242838
-18,50,79.893432,0.68,0.6789391575663026
-16,50,80.100479,0.66,0.7152626670811315
-30,50,80.309527,0.8,0.7999350438454044
-10,50,80.510573,0.6,0.5663920922570016
-24,50,80.729623,0.74,0.7799873737373737
-26,50,80.916666,0.76,0.766539253160835
-26,50,81.130715,0.76,0.7719417146729922
-10,50,81.332896,0.6,0.6208031599736669
-28,50,81.547946,0.78,0.7669683257918553
-6,50,81.753993,0.56,0.5752508361204013
-22,50,81.974043,0.72,0.7268961121733588
-16,50,82.177655,0.66,0.6770226537216828
-10,50,82.407708,0.6,0.6226215644820295
-6,50,82.614757,0.56,0.51877563900284
-6,50,82.895823,0.56,0.5888512473052048
-34,50,83.095867,0.84,0.8328164646179871
-6,50,83.336923,0.56,0.5306406685236769
-14,50,83.555973,0.64,0.655879525793015
-22,50,83.777023,0.72,0.6987752399867594
-22,50,83.972068,0.72,0.7059611520428667
-26,50,84.38686,0.76,0.738166170142337
-16,50,84.580812,0.66,0.6727447216890595
-22,50,84.800367,0.72,0.7038525963149078
-6,50,85.013416,0.56,0.5134957208689928
-32,50,85.233467,0.82,0.8169240669240669
-18,50,85.427513,0.68,0.6595879556259905
-2,50,85.671569,0.52,0.5191881918819188
0,50,85.882618,0.5,0.4522106631989597
-4,50,86.122672,0.54,0.5286315108379165
6,50,86.345015,0.44,0.4234851078397809
-18,50,86.563065,0.68,0.6525551859691563
-14,50,86.757109,0.64,0.6295847226432252
-10,50,86.981161,0.6,0.6466602129719264
-16,50,87.186208,0.66,0.6666666666666666
-16,50,87.401257,0.66,0.648224043715847
-24,50,87.603303,0.74,0.7434671765455704
-30,50,87.814352,0.8,0.7894044093451793
-14,50,88.019399,0.64,0.6247443762781186
-18,50,88.243455,0.68,0.7019047619047619
6,50,88.471508,0.44,0.46051409104986063
-30,50,88.687558,0.8,0.85336770866903
-14,50,89.086648,0.64,0.6294385432473445
-2,50,89.330204,0.52,0.5058084772370487
-6,50,89.568108,0.56,0.5479582146248813
-22,50,89.785157,0.72,0.702922077922078
-26,50,89.978334,0.76,0.7562156926057475
-12,50,90.204392,0.62,0.6066889632107023
-20,50,90.399436,0.7,0.6778179626280892
-2,50,90.63149,0.52,0.5672907099964677
0,50,90.844538,0.5,0.514526710402999
-18,50,91.069569,0.68,0.6691678035470668
-16,50,91.279617,0.66,0.6362038664323374
-14,50,91.504668,0.64,0.6862139917695473
-12,50,91.716716,0.62,0.6424778761061947
-16,50,91.939768,0.66,0.6775626785147573
-10,50,92.15482,0.6,0.6171293161814488
-6,50,92.387874,0.56,0.5604775369148602
-10,50,92.590921,0.6,0.5902999361837907
-4,50,92.817974,0.54,0.5285935085007728
-26,50,93.024021,0.76,0.7680926342875523
-26,50,93.240071,0.76,0.797556142668428
-12,50,93.629637,0.62,0.629560915275201
-8,50,93.854688,0.58,0.5959595959595959
-12,50,94.059736,0.62,0.5931082492168465
-14,50,94.290178,0.64,0.6324395029431
-6,50,94.499226,0.56,0.5506329113924051
-18,50,94.730279,0.68,0.6996913580246914
-10,50,94.941328,0.6,0.6030195381882771
-6,50,95.204386,0.56,0.5649575338156653
-12,50,95.433439,0.62,0.5812133072407045
4,50,95.704502,0.46,0.4502262443438914
-2,50,95.941556,0.52,0.5608552631578947
4,50,96.192613,0.46,0.46834625322997414
-18,50,96.403662,0.68,0.6766313082610094
0,50,96.646718,0.5,0.4673273459275317
-6,50,96.871769,0.56,0.5888278388278388
-8,50,97.127828,0.58,0.6276024177300201
-6,50,97.344877,0.56,0.5665054413542926
4,50,97.600936,0.46,0.47727984957693514
-10,50,97.841499,0.6,0.5698066891684566
-4,50,98.088554,0.54,0.5095117311350665
-4,50,98.304604,0.54,0.5301241295791704
0,50,98.740986,0.5,0.4897959183673469
-4,50,98.948037,0.54,0.5500485908649174
-6,50,99.186092,0.56,0.5755223880597015
-8,50,99.392139,0.58,0.5759577278731837
-12,50,99.621376,0.62,0.6054170514004309
6,50,99.84243,0.44,0.4559361489857
-2,50,100.078991,0.52,0.5288874215912842
0,50,100.297042,0.5,0.4738756613756614
-4,50,100.537096,0.54,0.5046017137416693
-10,50,100.758147,0.6,0.6151136727505604
6,50,101.038211,0.44,0.4068076668869795
4,50,101.275265,0.46,0.467797783933518
-2,50,101.520401,0.52,0.4857142857142857
-6,50,101.751454,0.56,0.5284270372710044
-18,50,101.991707,0.68,0.6867749419953596
6,50,102.223758,0.44,0.4006892230576441
-10,50,102.482816,0.6,0.5690843452576304
2,50,102.713868,0.48,0.49965612104539203
-4,50,102.973432,0.54,0.5193251533742331
-8,50,103.244493,0.58,0.5509020618556701
-8,50,103.685802,0.58,0.5661358466038349
-6,50,103.904851,0.56,0.5206611570247934
2,50,104.178916,0.48,0.47171620325982744
12,50,104.432971,0.38,0.348993288590604
10,50,104.708034,0.4,0.40083306632489585
-6,50,104.934592,0.56,0.5573087228341769
2,50,105.202653,0.48,0.431470496409616
16,50,105.45471,0.34,0.33759246805648957
0,50,105.718772,0.5,0.46929541047188106
-2,50,105.953825,0.52,0.5247035573122529
-2,50,106.198881,0.52,0.5350734094616639
2,50,106.41593,0.48,0.5604813172894236
2,50,106.659945,0.48,0.44855842185128986
-14,50,106.870994,0.64,0.650384744061559
8,50,107.131052,0.42,0.4334437086092715
-4,50,107.35251,0.54,0.5112634671890304
-2,50,107.593565,0.52,0.49200952057123426
-6,50,107.805614,0.56,0.5708333333333333
2,50,108.059671,0.48,0.5292604501607717
-14,50,108.27172,0.64,0.622809917355372
-6,50,108.507775,0.56,0.54496
0,50,108.934873,0.5,0.5092776673293572
0,50,109.201933,0.5,0.4813538075838295
0,50,109.441988,0.5,0.5144278606965174
0,50,109.697047,0.5,0.4996817313812858
-4,50,109.9301,0.54,0.5753887762001352
0,50,110.246178,0.5,0.49034267912772583
6,50,110.463228,0.44,0.4671223958333333
8,50,110.725287,0.42,0.42418661755678333
2,50,110.957341,0.48,0.48342175066313
0,50,111.215399,0.5,0.5063118389628113
16,50,111.452454,0.34,0.307556080283353
-2,50,111.708512,0.52,0.5320803629293583
4,50,111.935333,0.46,0.49564375605033884
-2,50,112.184391,0.52,0.5435466946484785
-8,50,112.396441,0.58,0.54688
0,50,112.654499,0.5,0.5214238628872775
4,50,112.872548,0.46,0.4351663272233537
2,50,113.121605,0.48,0.4775075987841945
6,50,113.342655,0.44,0.4690533980582524
16,50,113.600715,0.34,0.3394822006472492
-6,50,114.083825,0.56,0.5757575757575758
6,50,114.335883,0.44,0.42870999030067897
4,50,114.574939,0.46,0.487012987012987
6,50,114.988931,0.44,0.4139433551198257
-2,50,115.297509,0.52,0.5547303842428156
16,50,115.545565,0.34,0.37551669316375197
-2,50,115.747612,0.52,0.5212330921673483
8,50,115.972663,0.42,0.3956007879185817
12,50,116.226736,0.38,0.3637271214642263
8,50,116.531794,0.42,0.42284820031298903
6,50,116.772851,0.44,0.4424552429667519
-2,50,117.025792,0.52,0.5326301911667766
-2,50,117.258845,0.52,0.4797427652733119
0,50,117.527907,0.5,0.4773801485482782
10,50,117.761117,0.4,0.4006339144215531
-8,50,117.995176,0.58,0.5650997632735881
6,50,118.237231,0.44,0.4294117647058823
16,50,118.486292,0.34,0.3147340889276373
10,50,118.704341,0.4,0.40263246709416134
18,50,118.9546,0.32,0.35098934550989347
0,50,119.169649,0.5,0.48980252508902555
10,50,119.608938,0.4,0.421468554494567
6,50,119.822986,0.44,0.41396882494004794
28,50,120.090046,0.22,0.23283082077051925
8,50,120.309096,0.42,0.41252768111357163
8,50,120.54816,0.42,0.4379985496736766
2,50,120.802217,0.48,0.4779116465863454
-4,50,121.03127,0.54,0.5563070679742983
22,50,121.254324,0.28,0.2644230769230769
2,50,121.493377,0.48,0.48285624410191885
0,50,121.702424,0.5,0.5527888446215139
4,50,121.941416,0.46,0.4889653195758097
-4,50,122.156041,0.54,0.4720989220038047
10,50,122.398096,0.4,0.38071570576540753
6,50,122.604149,0.44,0.4072813882272882
20,50,122.89272,0.3,0.28700248756218905
12,50,123.118771,0.38,0.40931780366056575
-6,50,123.341822,0.56,0.5319449346981998
6,50,123.558872,0.44,0.44018987341772153
10,50,123.800927,0.4,0.399234693877551
-2,50,124.011976,0.52,0.5553353154938884
12,50,124.466427,0.38,0.3728693181818182
16,50,124.688477,0.34,0.3001930501930502
4,50,124.939535,0.46,0.48409572856710087
8,50,125.162586,0.42,0.4355134474327628
-2,50,125.401,0.52,0.5393120393120393
24,50,125.630615,0.26,0.27403846153846156
6,50,125.882674,0.44,0.43173023770038693
0,50,126.099722,0.5,0.49337349397590363
12,50,126.338777,0.38,0.34971956450016495
14,50,126.580834,0.36,0.3600925008259002
16,50,126.826251,0.34,0.3236760124610592
20,50,127.059305,0.3,0.29153506001263424
8,50,127.297359,0.42,0.4413426387504154
6,50,127.51741,0.44,0.4298790454396862
16,50,127.76647,0.34,0.3353729603729604
6,50,127.987369,0.44,0.47512919896640826
4,50,128.228423,0.46,0.47474093264248707
14,50,128.452475,0.36,0.3703099510603589
8,50,128.704532,0.42,0.41880638445523943
8,50,128.926583,0.42,0.4510229386236826
14,50,129.17264,0.36,0.3691212871287129
10,50,129.593736,0.4,0.3804034582132565
2,50,129.82679,0.48,0.47073096754625415
12,50,130.055531,0.38,0.41092489137181876
-6,50,130.291584,0.56,0.4993131868131868
10,50,130.560645,0.4,0.37083993660855785
4,50,130.7987,0.46,0.4231301939058172
2,50,131.011749,0.48,0.47058823529411764
18,50,131.270808,0.32,0.34831460674157305
10,50,131.49486,0.4,0.3813478122005749
4,50,131.730963,0.46,0.4685846560846561
16,50,131.955016,0.34,0.34904497843499693
0,50,132.194076,0.5,0.5001522997258605
6,50,132.412125,0.44,0.45497332914967054
10,50,132.658694,0.4,0.42149595687331537
8,50,132.871743,0.42,0.4284804077731762
4,50,133.118799,0.46,0.4520249221183801
10,50,133.34085,0.4,0.3756297229219144
24,50,133.601859,0.26,0.23200788695366414
8,50,133.817909,0.42,0.4153153153153153
24,50,134.074968,0.26,0.25125125125125125
22,50,134.504069,0.28,0.29923102641257104
-4,50,134.733122,0.54,0.49386304909560724
6,50,134.944171,0.44,0.38941736028537455
6,50,135.200233,0.44,0.3899739583333333
16,50,135.426285,0.34,0.30487033523086654
18,50,135.673342,0.32,0.31947815533980584
4,50,135.891395,0.46,0.420939514891004
26,50,136.147408,0.24,0.23217789404839764
6,50,136.369459,0.44,0.4482058226134055
10,50,136.612514,0.4,0.39864864864864863
18,50,136.843634,0.32,0.2772769661175008
14,50,137.09169,0.36,0.3478408704522271
16,50,137.366753,0.34,0.3717992488904063
12,50,137.612809,0.38,0.38096704650446567
12,50,137.83186,0.38,0.36021170610211706
18,50,138.07942,0.32,0.3293838862559242
6,50,138.303473,0.44,0.4396341463414634
4,50,138.540526,0.46,0.44919454770755884
12,50,138.77161,0.38,0.40362051625879986
16,50,139.03667,0.34,0.2790920716112532
6,50,139.255721,0.44,0.43593130779392336
22,50,139.720083,0.28,0.2660857908847185
14,50,139.946137,0.36,0.3465681748230225
28,50,140.212705,0.22,0.2523669604962455
26,50,140.44976,0.24,0.26173857868020306
8,50,140.690815,0.42,0.3855341738553417
12,50,140.912866,0.38,0.36037903464613563
16,50,141.168925,0.34,0.3628125
14,50,141.393976,0.36,0.33219993199591974
18,50,141.646038,0.32,0.33095533498759305
20,50,141.869088,0.3,0.32084382871536526
10,50,142.117144,0.4,0.4088050314465409
16,50,142.338701,0.34,0.3676609105180534
28,50,142.590759,0.22,0.21890884445950526
14,50,142.812814,0.36,0.35683629675045986
20,50,143.073873,0.3,0.2779573367808662
16,50,143.303926,0.34,0.3413117811625738
16,50,143.544981,0.34,0.32027424094025464
12,50,143.768503,0.38,0.39305843963215664
14,50,144.010559,0.36,0.34751131221719456
18,50,144.242582,0.32,0.3305626598465473
16,50,144.761701,0.34,0.36532612369043593
16,50,144.999755,0.34,0.3677938808373591
18,50,145.297823,0.32,0.3197596795727637
34,50,145.540879,0.16,0.15532994923857868
12,50,145.799327,0.38,0.40341274951706374
12,50,146.021234,0.38,0.3873990306946688
12,50,146.255286,0.38,0.386222657525302
14,50,146.466333,0.36,0.346521595779756
22,50,146.704963,0.28,0.27192118226600986
12,50,146.904009,0.38,0.3920863309352518
10,50,147.136867,0.4,0.4041258031788975
24,50,147.352917,0.26,0.2734326505276226
12,50,147.62698,0.38,0.4185264445123815
14,50,147.877035,0.36,0.3631142310146777
20,50,148.141097,0.3,0.31700194678780014
20,50,148.382152,0.3,0.33773006134969324
12,50,148.633209,0.38,0.3384813384813385
22,50,148.868263,0.28,0.2551813471502591
16,50,149.105317,0.34,0.3083645443196005
22,50,149.325367,0.28,0.2598301352626612
10,50,149.813486,0.4,0.4547770700636943
14,50,150.071544,0.36,0.3523489932885906
4,50,150.35361,0.46,0.5112877583465819
14,50,150.57566,0.36,0.35517970401691334
26,50,150.823716,0.24,0.23716699155295645
24,50,151.035765,0.26,0.33438818565400846
18,50,151.267469,0.32,0.35544166415435635
32,50,151.497327,0.18,0.16999050332383667
14,50,151.714377,0.36,0.3843813387423935
18,50,151.926425,0.32,0.34260117392647516
18,50,152.17148,0.32,0.3806515957446808
20,50,152.380529,0.3,0.2708013509364446
30,50,152.618092,0.2,0.20327970297029702
24,50,152.841141,0.26,0.22229508196721312
18,50,153.079195,0.32,0.30952380952380953
20,50,153.295248,0.3,0.30391844536476587
16,50,153.5273,0.34,0.3410774410774411
24,50,153.773187,0.26,0.28778399736582155
8,50,153.982234,0.42,0.4613821138211382
22,50,154.194283,0.28,0.25732217573221755
14,50,154.422335,0.36,0.3638239339752407
12,50,154.794421,0.38,0.3806146572104019
22,50,155.055481,0.28,0.2920300751879699
16,50,155.300536,0.34,0.33365200764818354
26,50,155.590383,0.24,0.25792811839323465
18,50,155.812433,0.32,0.33231188287368063
20,50,156.086499,0.3,0.3547854785478548
16,50,156.320552,0.34,0.3545069570477919
24,50,156.590618,0.26,0.2636075949367089
20,50,156.812484,0.3,0.2802460697197539
24,50,157.096549,0.26,0.2188219809147746
24,50,157.308598,0.26,0.26699198326943185
22,50,157.546656,0.28,0.3282714054927302
14,50,157.764707,0.36,0.3810623556581986
24,50,158.009762,0.26,0.30937602090819993
22,50,158.228812,0.28,0.2784375
24,50,158.472684,0.26,0.26144907723855093
16,50,158.685733,0.34,0.3524514338575393
24,50,158.926787,0.26,0.25205119789957336
32,50,159.149841,0.18,0.19089082384460818
20,50,159.383894,0.3,0.30276768241543195
24,50,159.808992,0.26,0.2807495741056218
22,50,160.054715,0.28,0.2991058552062302
22,50,160.271765,0.28,0.3299524564183835
18,50,160.505818,0.32,0.32454235184610614
32,50,160.742873,0.18,0.2051460361613352
32,50,160.99093,0.18,0.18788291354663036
24,50,161.215325,0.26,0.23212083847102344
26,50,161.484386,0.24,0.2204968944099379
28,50,161.71644,0.22,0.2263918794217164
26,50,161.955246,0.24,0.23082010582010581
26,50,162.167295,0.24,0.22147864882090504
38,50,162.416351,0.12,0.11706410653453081
20,50,162.627402,0.3,0.32809667673716014
16,50,162.856455,0.34,0.3234665852914251
26,50,163.104526,0.24,0.21070460704607047
28,50,163.346561,0.22,0.21022727272727273
30,50,163.566615,0.2,0.19610194902548725
24,50,163.798668,0.26,0.2400126823081801
22,50,164.015718,0.28,0.2980405637676177
22,50,164.239199,0.28,0.2834278092697566
10,50,164.438245,0.4,0.3969121904149244
26,50,164.846583,0.24,0.24427710843373493
16,50,165.055631,0.34,0.3643724696356275
24,50,165.289686,0.26,0.25807416267942584
34,50,165.518737,0.16,0.1562397641663937
18,50,165.760792,0.32,0.32078907435508347
34,50,165.983846,0.16,0.1517650940283735
14,50,166.2189,0.36,0.35863440503811733
40,50,166.452954,0.1,0.09777347531461762
28,50,166.708012,0.22,0.21274541358223367
22,50,166.922061,0.28,0.3041935483870968
18,50,167.145115,0.32,0.3225034199726402
26,50,167.368427,0.24,0.25954887218045114
38,50,167.615483,0.12,0.10642570281124498
22,50,167.831533,0.28,0.31785602991586165
22,50,168.095597,0.28,0.2633575719253873
10,50,168.297875,0.4,0.4346230820547031
18,50,168.528928,0.32,0.32602739726027397
26,50,168.742977,0.24,0.2526813880126183
28,50,168.97603,0.22,0.24976318282286075
30,50,169.194083,0.2,0.23147518694765465
28,50,169.646186,0.22,0.24805719614547717
26,50,169.879936,0.24,0.2624880687241489
32,50,170.134993,0.18,0.18907035175879397
24,50,170.353047,0.26,0.2797828169913766
24,50,170.595102,0.26,0.26242236024844723
24,50,170.80715,0.26,0.2508048937540245
18,50,171.032202,0.32,0.33205374280230326
24,50,171.239249,0.26,0.24561952440550688
24,50,171.476304,0.26,0.2786053882725832
30,50,171.699355,0.2,0.25728611720463807
16,50,171.933586,0.34,0.3310731132075472
22,50,172.141745,0.28,0.2593845113290497
34,50,172.377173,0.16,0.17216117216117216
18,50,172.586725,0.32,0.3028055465978717
18,50,172.82378,0.32,0.3139686684073107
16,50,173.031827,0.34,0.3595206391478029
36,50,173.26741,0.14,0.15151515151515152
28,50,173.48646,0.22,0.20557851239669422
14,50,173.724516,0.36,0.404001194386384
28,50,173.986576,0.22,0.22253609541745134
20,50,174.230631,0.3,0.31066666666666665
30,50,174.644775,0.2,0.18465821218682338
26,50,174.885831,0.24,0.2860089377793056
38,50,175.123885,0.12,0.12950094756790903
32,50,175.411742,0.18,0.21031376203789998
16,50,175.646796,0.34,0.3371104815864023
30,50,175.909856,0.2,0.1908082408874802
28,50,176.138908,0.22,0.21664
20,50,176.379964,0.3,0.28831329016342894
22,50,176.601014,0.28,0.2699876998769988
22,50,176.879078,0.28,0.3036248752909877
30,50,177.113132,0.2,0.2056367432150313
34,50,177.366189,0.16,0.1445861956166176
14,50,177.596242,0.36,0.33793556870479946
32,50,177.839634,0.18,0.19235511713933415
28,50,178.08369,0.22,0.21631759924976554
32,50,178.324745,0.18,0.16727393176548527
30,50,178.542453,0.2,0.22269877928076542
32,50,178.781508,0.18,0.1877590054191903
22,50,178.99956,0.28,0.2783570300157978
22,50,179.237619,0.28,0.28138974888200896
32,50,179.626708,0.18,0.200490711531721
26,50,179.865772,0.24,0.21590130226182316
42,50,180.118831,0.08,0.10852994555353902
32,50,180.367674,0.18,0.18998211091234346
32,50,180.593724,0.18,0.20145477545857052
26,50,180.830779,0.24,0.2845303867403315
32,50,181.047829,0.18,0.17297476759628155
38,50,181.301445,0.12,0.1319083969465649
30,50,181.521501,0.2,0.2653190145293746
36,50,181.765064,0.14,0.17445388349514562
34,50,181.990116,0.16,0.18364244451200973
22,50,182.238172,0.28,0.2854050711193568
38,50,182.464227,0.12,0.10315284441398218
24,50,182.765296,0.26,0.2724105163129553
26,50,182.980345,0.24,0.2205483579391383
30,50,183.2194,0.2,0.20190023752969122
22,50,183.438073,0.28,0.27116445021083363
42,50,183.696207,0.08,0.08640142517814726
34,50,183.919257,0.16,0.17484868863483524
34,50,184.169315,0.16,0.15127639457926254
40,50,184.394366,0.1,0.10436241610738255
34,50,184.814463,0.16,0.1659777424483307
34,50,185.033512,0.16,0.1466541588492808
28,50,185.272567,0.22,0.19784656796769853
30,50,185.48816,0.2,0.241478177763619
36,50,185.734216,0.14,0.11881500157579578
34,50,185.955771,0.16,0.15584415584415584
28,50,186.204828,0.22,0.2244834063869756
30,50,186.425878,0.2,0.20504830165160487
36,50,186.671869,0.14,0.13046272493573266
30,50,186.891919,0.2,0.239078902810701
28,50,187.129973,0.22,0.25422138836772984
40,50,187.362026,0.1,0.08243021346469623
34,50,187.606082,0.16,0.14676781002638523
24,50,187.818134,0.26,0.2729738894540522
22,50,188.058186,0.28,0.30077619663648125
30,50,188.276299,0.2,0.22423263327948303
40,50,188.523357,0.1,0.09673366834170855
32,50,188.749412,0.18,0.17551286225985022
34,50,188.991975,0.16,0.21398510844933635
38,50,189.215026,0.12,0.0921097189299018
30,50,189.671777,0.2,0.23426346528228423
36,50,189.893826,0.14,0.13927007299270072
34,50,190.130221,0.16,0.16747720364741642
30,50,190.352274,0.2,0.23630343166767007
44,50,190.591326,0.06,0.06318589956767542
28,50,190.815378,0.22,0.22684482235044032
40,50,191.070436,0.1,0.10594486881434739
32,50,191.291494,0.18,0.20198881292728402
30,50,191.525547,0.2,0.21561338289962825
32,50,191.747598,0.18,0.18377164849262348
34,50,191.991084,0.16,0.14368998628257887
24,50,192.20263,0.26,0.27506038647342995
28,50,192.441684,0.22,0.24433705829054667
24,50,192.667736,0.26,0.2373869932925051
38,50,192.915793,0.12,0.14019008825526136
24,50,193.125841,0.26,0.26522593320235754
36,50,193.358898,0.14,0.1805819101834282
32,50,193.586952,0.18,0.19552529182879377
30,50,193.829006,0.2,0.17483660130718953
38,50,194.050057,0.12,0.11413612565445026
34,50,194.291111,0.16,0.14049307666328942
34,50,194.6772,0.16,0.16116504854368932
34,50,194.929257,0.16,0.157133676092545
24,50,195.136305,0.26,0.27214978268137746
30,50,195.37636,0.2,0.17307091533895658
36,50,195.602412,0.14,0.15188708192697145
34,50,195.845467,0.16,0.1777705557361066
42,50,196.066518,0.08,0.06231276213301378
40,50,196.314377,0.1,0.10975236930602263
30,50,196.535429,0.2,0.2177345885211054
40,50,196.832496,0.1,0.08885191347753743
38,50,197.058548,0.12,0.10244506344784897
40,50,197.305604,0.1,0.10364321608040201
30,50,197.525655,0.2,0.23696219035202087
26,50,197.76471,0.24,0.20340648542417294
40,50,197.999764,0.1,0.10402042118698149
36,50,198.236817,0.14,0.11306626731561213
38,50,198.46387,0.12,0.1137455943607818
32,50,198.709771,0.18,0.18230383973288813
28,50,198.927821,0.22,0.2254160363086233
28,50,199.167876,0.22,0.2315888436226888
34,50,199.552964,0.16,0.16101694915254236
24,50,199.783016,0.26,0.24635884722652618
30,50,200.000067,0.2,0.2242320819112628
34,50,200.25121,0.16,0.15620167027528611
36,50,200.472262,0.14,0.16815328708292038
36,50,200.720318,0.14,0.12714673094305515
36,50,200.948371,0.14,0.15108164689462666
32,50,201.185432,0.18,0.1793828416412343
38,50,201.403481,0.12,0.09186351706036745
22,50,201.647542,0.28,0.2804959785522788
42,50,201.869594,0.08,0.06902871105681124
24,50,202.132654,0.26,0.27452293270840306
30,50,202.350703,0.2,0.19375
38,50,202.586758,0.12,0.1398148148148148
32,50,202.813816,0.18,0.17710651828298887
24,50,203.052869,0.26,0.2701313535122787
28,50,203.31093,0.22,0.2455640050697085
38,50,203.573995,0.12,0.10437375745526839
34,50,203.820052,0.16,0.12833545108005082
36,50,204.065108,0.14,0.15330788804071246
32,50,204.331169,0.18,0.17691056910569106
38,50,204.773274,0.12,0.14564138908575477
40,50,204.996326,0.1,0.09380071405387862
38,50,205.251384,0.12,0.11303581914268937
34,50,205.47944,0.16,0.14918190567853706
44,50,205.726845,0.06,0.05812774586008787
34,50,205.946896,0.16,0.17634275069854083
32,50,206.194952,0.18,0.17931476144732628
36,50,206.416002,0.14,0.1569465648854962
32,50,206.66206,0.18,0.18471739816861382
38,50,206.892112,0.12,0.11357340720221606
26,50,207.124167,0.24,0.2437745740498034
38,50,207.365928,0.12,0.1298780487804878
32,50,207.62399,0.18,0.21478521478521478
36,50,207.85726,0.14,0.16347424042272127
28,50,208.099316,0.22,0.22844958879074018
34,50,208.314365,0.16,0.16714605305209332
38,50,208.553419,0.12,0.127208480565371
44,50,208.78327,0.06,0.03928905519176801
18,50,209.018324,0.32,0.32306725329981145
38,50,209.241374,0.12,0.14945736434108528
46,50,209.648005,0.04,0.04423635776557959
40,50,209.894566,0.1,0.11031518624641834
46,50,210.145622,0.04,0.053064958828911254
44,50,210.387678,0.06,0.0504070131496556
28,50,210.629733,0.22,0.24786324786324787
42,50,210.864786,0.08,0.10157790927021697
40,50,211.117845,0.1,0.10501193317422435
34,50,211.340896,0.16,0.16650501131587456
40,50,211.600959,0.1,0.10779014308426073
40,50,211.858023,0.1,0.1043613707165109
36,50,212.101583,0.14,0.13507692307692307
44,50,212.330634,0.06,0.0597596622279961
28,50,212.554686,0.22,0.2409954158480681
32,50,212.770738,0.18,0.19171148370768745
38,50,213.026796,0.12,0.10155990706936609
44,50,213.250848,0.06,0.05209003215434083
32,50,213.489902,0.18,0.21455826240093925
46,50,213.714954,0.04,0.05723905723905724
32,50,213.977014,0.18,0.17265110712148415
34,50,214.208066,0.16,0.1506849315068493
32,50,214.457128,0.18,0.19699444625939236
38,50,214.874224,0.12,0.10861538461538461
42,50,215.130283,0.08,0.09691337537338202
36,50,215.368345,0.14,0.11348464619492657
32,50,215.617403,0.18,0.1868670369160405
36,50,215.855964,0.14,0.1390749601275917
28,50,216.10402,0.22,0.2470978441127695
30,50,216.332073,0.2,0.19833386735020828
30,50,216.590133,0.2,0.2054250744293748
42,50,216.836189,0.08,0.10221082986222364
28,50,217.076534,0.22,0.2482929857231533
32,50,217.305443,0.18,0.1608723135271808
40,50,217.579505,0.1,0.1347167325428195
34,50,217.802556,0.16,0.1592376268060252
40,50,218.066616,0.1,0.08599167822468794
40,50,218.296669,0.1,0.09573048699132755
36,50,218.545732,0.14,0.1618181818181818
38,50,218.814793,0.12,0.1383344803854095
32,50,219.062972,0.18,0.19448894585068888
44,50,219.305027,0.06,0.072
34,50,219.539587,0.16,0.16274217585692996
42,50,219.949681,0.08,0.059078771695594126
40,50,220.217742,0.1,0.12538989394884592
40,50,220.465799,0.1,0.12508017960230916
40,50,220.721859,0.1,0.07940740740740741
38,50,221.000921,0.12,0.14623584277148569
32,50,221.28799,0.18,0.1716612377850163
34,50,221.539045,0.16,0.18859138533178113
32,50,221.806845,0.18,0.18500457177689728
36,50,222.040899,0.14,0.13675213675213677
34,50,222.301512,0.16,0.1917326297273527
44,50,222.548569,0.06,0.04398826979472141
44,50,222.858644,0.06,0.059539473684210524
36,50,223.092698,0.14,0.13592233009708737
38,50,223.335754,0.12,0.11407919547454431
28,50,223.543805,0.22,0.1949232215606393
32,50,223.778858,0.18,0.16284119106699751
48,50,224.020914,0.02,0.022776911076443057
38,50,224.274976,0.12,0.10669730794484569
32,50,224.489025,0.18,0.1831457255856404
38,50,224.742082,0.12,0.09919743178170144
42,50,224.994399,0.08,0.07874733961690483
44,50,225.470307,0.06,0.05517466536075743
42,50,225.704359,0.08,0.08706240487062405
38,50,225.981164,0.12,0.1592544146500981
36,50,226.251225,0.14,0.14808539478143
46,50,226.5743,0.04,0.031955438287892116
32,50,226.904377,0.18,0.1805469235550031
32,50,227.196452,0.18,0.1596071209330878
40,50,227.51052,0.1,0.09921259842519685
32,50,227.786583,0.18,0.17779868297271872
34,50,228.056646,0.16,0.155053974484789
34,50,228.345638,0.16,0.1537953795379538
34,50,228.585699,0.16,0.16620837152459517
36,50,228.839757,0.14,0.13673597983616886
40,50,229.113824,0.1,0.11882100092109303
34,50,229.422894,0.16,0.1540785498489426
32,50,229.652947,0.18,0.1930724823604875
40,50,229.917078,0.1,0.10263072426112374
46,50,230.189616,0.04,0.05259719046063378
40,50,230.480682,0.1,0.08323019801980198
32,50,230.73474,0.18,0.16227117592305307
36,50,231.18085,0.14,0.1256965944272446
40,50,231.438908,0.1,0.09186697398748765
36,50,231.705968,0.14,0.14918414918414918
42,50,231.940579,0.08,0.09640831758034027
34,50,232.177633,0.16,0.16511558090663464
44,50,232.416688,0.06,0.04995513012264433
32,50,232.678748,0.18,0.18689024390243902
40,50,232.912648,0.1,0.08855498721227621
38,50,233.169212,0.12,0.1408314534321624
40,50,233.42727,0.1,0.10114305507447177
44,50,233.699332,0.06,0.06866952789699571
46,50,233.940974,0.04,0.044307692307692305
36,50,234.210041,0.14,0.13772652388797363
42,50,234.457313,0.08,0.08671465968586388
32,50,234.719373,0.18,0.1758860549850944
30,50,234.957429,0.2,0.21391674263141902
42,50,235.219492,0.08,0.06619763351455069
40,50,235.477551,0.1,0.0776797829036635
34,50,235.732609,0.16,0.15106382978723404
40,50,235.974491,0.1,0.08045254556882464
28,50,236.219547,0.22,0.22640880293431143
44,50,236.652645,0.06,0.07970149253731343
48,50,236.917709,0.02,0.024774774774774775
42,50,237.160764,0.08,0.10736703006276842
36,50,237.392817,0.14,0.12524209167204647
36,50,237.628875,0.14,0.1332868108862526
40,50,237.900938,0.1,0.08924408924408925
38,50,238.190004,0.12,0.13784461152882205
40,50,238.445864,0.1,0.09869051421271159
40,50,238.681922,0.1,0.09195770586350528
38,50,238.921977,0.12,0.12978056426332288
32,50,239.155031,0.18,0.20960295475530932
40,50,239.390088,0.1,0.10939553219448095
34,50,239.597139,0.16,0.1727045596502186
36,50,239.841703,0.14,0.14574067738624702
36,50,240.063755,0.14,0.17736369910282954
46,50,240.313957,0.04,0.030145867098865478
42,50,240.540008,0.08,0.06882859033752482
38,50,240.801068,0.12,0.11797385620915032
42,50,241.02812,0.08,0.07905544147843943
38,50,241.303184,0.12,0.1240850470547229
44,50,241.760293,0.06,0.07241172950329144
44,50,242.041357,0.06,0.07277065314643602
40,50,242.293415,0.1,0.11550151975683891
44,50,242.562491,0.06,0.064993564993565
40,50,242.800546,0.1,0.09523809523809523
32,50,243.087205,0.18,0.17227287016661427
36,50,243.335261,0.14,0.15348564733450498
38,50,243.589319,0.12,0.12722725851828695
40,50,243.836376,0.1,0.12216288384512683
42,50,244.108439,0.08,0.0717458148274684
30,50,244.34217,0.2,0.2234287594603488
50,50,244.605232,0.0,0.0
40,50,244.837791,0.1,0.09556082683835988
40,50,245.111856,0.1,0.11311216429699843
44,50,245.354911,0.06,0.07002534854245882
42,50,245.633882,0.08,0.0738652382294897
34,50,245.881939,0.16,0.14731673097158893
42,50,246.130014,0.08,0.07426054122089365
36,50,246.363593,0.14,0.15701415701415702
44,50,246.673663,0.06,0.06358941252420917
42,50,246.92089,0.08,0.04549793191218581
42,50,247.399001,0.08,0.06587374199451052
34,50,247.647062,0.16,0.1612393297502371
42,50,247.916123,0.08,0.07535959974984366
42,50,248.17018,0.08,0.07704603580562659
46,50,248.465254,0.04,0.04216682056017236
42,50,248.732315,0.08,0.09646827992151732
44,50,249.007377,0.06,0.06613418530351438
40,50,249.277442,0.1,0.07964011996001333
40,50,249.573661,0.1,0.11433070866141733
38,50,249.810223,0.12,0.12053717654765804
42,50,250.068282,0.08,0.07918263090676884
44,50,250.310337,0.06,0.052698412698412696
36,50,250.5804,0.14,0.1756348246674728
46,50,250.855462,0.04,0.041230574056454174
42,50,251.154531,0.08,0.06913183279742766
50,50,251.408573,0.0,0.0
42,50,251.667784,0.08,0.07035830618892508
40,50,251.922843,0.1,0.11391564264363999
42,50,252.248916,0.08,0.09640237513098149
38,50,252.488971,0.12,0.1190112908147696
36,50,252.916069,0.14,0.14811165845648605
36,50,253.163126,0.14,0.13887147335423197
40,50,253.444511,0.1,0.10919349485562563
48,50,253.712573,0.02,0.016409266409266408
34,50,253.951628,0.16,0.11358428805237315
44,50,254.197687,0.06,0.059550927432476405
38,50,254.467749,0.12,0.13094857872884064
44,50,254.707803,0.06,0.05715208266063933
36,50,254.959862,0.14,0.12760416666666666
40,50,255.233606,0.1,0.08820769471379418
42,50,255.490637,0.08,0.09546769527483125
40,50,255.737694,0.1,0.09061297009179746
38,50,256.011757,0.12,0.11758989310009718
44,50,256.27482,0.06,0.07383419689119171
42,50,256.535884,0.08,0.07996177126473399
46,50,256.803945,0.04,0.026502908855850032
36,50,257.10702,0.14,0.1276073619631902
46,50,257.361079,0.04,0.03452811575139757
36,50,257.622138,0.14,0.14653035935563816
40,50,257.869195,0.1,0.08929101156926728
44,50,258.124842,0.06,0.06266471449487555
34,50,258.557941,0.16,0.1262992125984252
40,50,258.833006,0.1,0.09651053127947186
46,50,259.105067,0.04,0.04891132849479331
40,50,259.366156,0.1,0.09027986758952754
46,50,259.611212,0.04,0.03021055843759536
40,50,259.893278,0.1,0.11196454948301329
40,50,260.15212,0.1,0.09780439121756487
44,50,260.429101,0.06,0.05595204110762204
32,50,260.674157,0.18,0.18200764154220214
38,50,260.94822,0.12,0.14656
50,50,261.215282,0.0,0.0
42,50,261.506859,0.08,0.0909371146732429
40,50,261.743913,0.1,0.140520694259012
38,50,261.982968,0.12,0.0831151832460733
44,50,262.223027,0.06,0.07615359793481769
40,50,262.49019,0.1,0.1114854517611026
34,50,262.725748,0.16,0.16700473292765383
38,50,262.999811,0.12,0.13456712672521956
38,50,263.245867,0.12,0.1516889738687062
44,50,263.504926,0.06,0.06769825918762089
46,50,263.926023,0.04,0.04484009231783712
44,50,264.193085,0.06,0.049217002237136466
40,50,264.431139,0.1,0.1005453306066803
46,50,264.748211,0.04,0.024144254278728607
42,50,265.011185,0.08,0.059720062208398136
40,50,265.308252,0.1,0.08467053601911916
32,50,265.550308,0.18,0.18503937007874016
40,50,265.82597,0.1,0.10694249649368864
38,50,266.081028,0.12,0.11924882629107982
42,50,266.346089,0.08,0.059682539682539684
46,50,266.602147,0.04,0.048920377867746286
44,50,266.882211,0.06,0.06959152798789713
32,50,267.113264,0.18,0.20878757846052196
44,50,267.390327,0.06,0.05333333333333334
36,50,267.65239,0.14,0.14064914992272023
42,50,267.996476,0.08,0.10336749633967789
36,50,268.27418,0.14,0.141081625797783
48,50,268.536524,0.02,0.008201892744479496
38,50,268.787581,0.12,0.15634218289085547
40,50,269.057643,0.1,0.12027491408934708
36,50,269.279697,0.14,0.1532024460894754
44,50,269.678788,0.06,0.052488994243142566
46,50,269.897838,0.04,0.033821478382147836
46,50,270.141898,0.04,0.03188691650230112
36,50,270.36395,0.14,0.15490130478420877
40,50,270.613008,0.1,0.09375
42,50,270.843066,0.08,0.08197809492200464
42,50,271.112132,0.08,0.10124164278892073
38,50,271.357188,0.12,0.09398976982097186
44,50,271.649622,0.06,0.07323076923076922
42,50,271.904683,0.08,0.09800307219662058
42,50,272.183988,0.08,0.09378084896347483
46,50,272.442045,0.04,0.021739130434782608
40,50,272.730113,0.1,0.09276089000313381
46,50,272.986107,0.04,0.027888446215139442
40,50,273.263172,0.1,0.08847013733631427
50,50,273.531232,0.0,0.0
36,50,273.821304,0.14,0.12674714104193138
36,50,274.074583,0.14,0.11940298507462686
44,50,274.359648,0.06,0.07145219980152166
42,50,274.616706,0.08,0.06745783885071831
42,50,275.141825,0.08,0.09628217349857007
40,50,275.407886,0.1,0.12056102655923605
38,50,275.646941,0.12,0.09730986383261375
40,50,275.890504,0.1,0.09414504324683966
42,50,276.147562,0.08,0.07746243739565943
42,50,276.40662,0.08,0.08454718176060798
44,50,276.650328,0.06,0.04657179818887452
42,50,276.883381,0.08,0.09073296738779464
46,50,277.173448,0.04,0.04394942805538832
48,50,277.428506,0.02,0.01839152119700748
38,50,277.674563,0.12,0.11764705882352941
42,50,277.920619,0.08,0.09023941068139964
44,50,278.203685,0.06,0.06986765158510311
48,50,278.451741,0.02,0.021345407503234153
40,50,278.704798,0.1,0.09161676646706587
42,50,278.935854,0.08,0.08529234478601568
40,50,279.188909,0.1,0.12314939434724091
40,50,279.432965,0.1,0.0882744836775483
44,50,279.677664,0.06,0.06494325346784363
40,50,279.911721,0.1,0.11710221634138274
44,50,280.360129,0.06,0.05876526906569825
44,50,280.619188,0.06,0.0784818269540045
50,50,280.921258,0.0,0.0
40,50,281.225327,0.1,0.08823529411764706
46,50,281.578407,0.04,0.030499675535366644
44,50,281.838468,0.06,0.05935645110902843
44,50,282.140173,0.06,0.06861819326408561
46,50,282.411235,0.04,0.040011597564511454
44,50,282.712523,0.06,0.05697513812154696
38,50,282.973279,0.12,0.13715552739942985
42,50,283.263232,0.08,0.08213740458015267
42,50,283.571809,0.08,0.08136566687938736
42,50,283.871877,0.08,0.08078668683812405
32,50,284.137938,0.18,0.16476774758983348
48,50,284.444008,0.02,0.025426356589147287
44,50,284.765085,0.06,0.05948749237339841
42,50,285.094773,0.08,0.08307880268784362
42,50,285.385844,0.08,0.09117733844791974
42,50,285.675909,0.08,0.07908496732026143
44,50,285.951976,0.06,0.05135322692574601
46,50,286.282052,0.04,0.04483560278977084
42,50,286.797013,0.08,0.08730402705195205
46,50,287.116177,0.04,0.0376078914919852
48,50,287.399245,0.02,0.01088646967340591
50,50,287.749323,0.0,0.0
42,50,288.03739,0.08,0.060333333333333336
48,50,288.360464,0.02,0.011688311688311689
44,50,288.65253,0.06,0.06109979633401222
44,50,288.98445,0.06,0.0714749837556855
44,50,289.270311,0.06,0.08315098468271334
46,50,289.628394,0.04,0.04933774834437086
48,50,289.941466,0.02,0.021098459477561955
42,50,290.270286,0.08,0.08505315822388994
42,50,290.565352,0.08,0.0893719806763285
42,50,290.879424,0.08,0.0794425087108014
48,50,291.166493,0.02,0.009768009768009768
40,50,291.48257,0.1,0.11054958938723942
42,50,291.777637,0.08,0.06199807259877931
46,50,292.121456,0.04,0.05009511731135067
44,50,292.416523,0.06,0.04970669959864155
44,50,292.721099,0.06,0.08428093645484949
44,50,293.275228,0.06,0.06508135168961202
38,50,293.588299,0.12,0.11818757921419519
46,50,293.875363,0.04,0.049174690508940855
44,50,294.194437,0.06,0.06817447495961228
48,50,294.482503,0.02,0.023217789404839765
42,50,294.817579,0.08,0.07323658454269322
48,50,295.102649,0.02,0.02661207778915046
44,50,295.427722,0.06,0.07397622192866579
34,50,295.714788,0.16,0.16627477326167284
42,50,296.033862,0.08,0.08365633074935401
48,50,296.326433,0.02,0.015835076187630713
44,50,296.645507,0.06,0.05309734513274336
40,50,296.92557,0.1,0.11601513240857503
46,50,297.281656,0.04,0.039247486214725916
46,50,297.573332,0.04,0.05076778439360702
46,50,297.898406,0.04,0.04483738553836438
46,50,298.17847,0.04,0.051168667087807956
48,50,298.518557,0.02,0.030795847750865052
42,50,298.798622,0.08,0.07550392893747865
42,50,299.138703,0.08,0.08167202572347267
34,50,299.430541,0.16,0.14515629835964097
48,50,299.958168,0.02,0.02715751357875679
48,50,300.245234,0.02,0.020465994962216624
40,50,300.539301,0.1,0.10639569635385535
50,50,300.800361,0.0,0.0
44,50,301.084449,0.06,0.06994981179422835
44,50,301.356879,0.06,0.07992388201712655
48,50,301.679958,0.02,0.014506172839506172
44,50,301.973025,0.06,0.06829704742022069
40,50,302.285098,0.1,0.10909090909090909
48,50,302.56116,0.02,0.01610452749924035
42,50,302.867202,0.08,0.10040431266846361
44,50,303.147264,0.06,0.07224806201550388
46,50,303.454339,0.04,0.055089015787705746
48,50,303.735404,0.02,0.012377023167248492
46,50,304.012467,0.04,0.048323471400394474
50,50,304.292908,0.0,0.0
46,50,304.590976,0.04,0.03573687539531942
44,50,304.86704,0.06,0.0665440049064704
44,50,305.180056,0.06,0.07376798285889195
48,50,305.475121,0.02,0.013443324167430493
44,50,306.056254,0.06,0.053946967387991464
44,50,306.331317,0.06,0.08188585607940446
48,50,306.65039,0.02,0.023232984293193717
48,50,306.933455,0.02,0.02292817679558011
42,50,307.260529,0.08,0.05471026222078342
48,50,307.552596,0.02,0.017814009661835748
42,50,307.866669,0.08,0.10249210249210249
44,50,308.153734,0.06,0.05588822355289421
44,50,308.450802,0.06,0.04773869346733668
42,50,308.723864,0.08,0.07135610415962124
40,50,309.032935,0.1,0.10873146622734761
42,50,309.318,0.08,0.10521172638436482
42,50,309.60164,0.08,0.08054123711340207
46,50,309.860926,0.04,0.042532779021426284
42,50,310.138989,0.08,0.08107245451643792
46,50,310.388047,0.04,0.0547945205479452
48,50,310.668111,0.02,0.010538994278831678
48,50,310.943179,0.02,0.031675641431738996
42,50,311.275254,0.08,0.08336036328251703
44,50,311.573321,0.06,0.06090055069646906
46,50,311.882394,0.04,0.029363246453315738
46,50,312.428518,0.04,0.053146397130746655
46,50,312.745591,0.04,0.04787592717464599
40,50,313.050661,0.1,0.12314356435643564
44,50,313.357735,0.06,0.057803468208092484
42,50,313.605844,0.08,0.07588075880758807
46,50,313.881907,0.04,0.042593172564985904
44,50,314.143968,0.06,0.09073233959818536
44,50,314.437038,0.06,0.0764373546028581
44,50,314.710606,0.06,0.07140723035554228
46,50,315.046681,0.04,0.03760734379626888
40,50,315.352753,0.1,0.13776808433296983
42,50,315.680827,0.08,0.07268170426065163
46,50,315.999901,0.04,0.029881656804733727
50,50,316.338979,0.0,0.0
46,50,316.691928,0.04,0.018345771144278607
46,50,317.027003,0.04,0.050352467270896276
46,50,317.340075,0.04,0.03317393903167962
50,50,317.684154,0.0,0.0
48,50,317.98222,0.02,0.008911521323997454
46,50,318.312978,0.04,0.027952480782669462
40,50,318.782084,0.1,0.08888888888888889
38,50,319.091155,0.12,0.10976408912188729
48,50,319.406229,0.02,0.02689486552567237
42,50,319.77431,0.08,0.09296235679214403
46,50,320.037373,0.04,0.024739583333333332
48,50,320.323439,0.02,0.026483405967147166
48,50,320.603504,0.02,0.031932773109243695
44,50,320.874565,0.06,0.07954911433172303
44,50,321.109618,0.06,0.05878769418215047
50,50,321.377025,0.0,0.0
50,50,321.624598,0.0,0.0
46,50,321.879656,0.04,0.04514533085961658
46,50,322.11471,0.04,0.036805988771054274
46,50,322.37977,0.04,0.03473428273706148
50,50,322.634829,0.0,0.0
48,50,322.925025,0.02,0.024012158054711245
46,50,323.268104,0.04,0.024096385542168676
46,50,323.571174,0.04,0.04832451499118166
40,50,323.843235,0.1,0.0825386386057218
48,50,324.155308,0.02,0.029012345679012345
48,50,324.43137,0.02,0.015247776365946633
42,50,324.965001,0.08,0.08703703703703704
48,50,325.238063,0.02,0.017023959646910468
44,50,325.544133,0.06,0.06154864328259431
42,50,325.823203,0.08,0.08093525179856115
38,50,326.114268,0.12,0.1426385062748699
46,50,326.35397,0.04,0.05241379310344828
44,50,326.593026,0.06,0.06046960437439691
46,50,326.843086,0.04,0.03770028275212064
46,50,327.094143,0.04,0.03853100541842264
50,50,327.327201,0.0,0.0
44,50,327.600268,0.06,0.06098339719029374
42,50,327.875332,0.08,0.09170305676855896
40,50,328.190403,0.1,0.09942055504727051
46,50,328.458018,0.04,0.03534704370179949
50,50,328.764604,0.0,0.0
44,50,329.036664,0.06,0.06848086124401914
46,50,329.294723,0.04,0.037013401403956606
46,50,329.520777,0.04,0.02849740932642487
44,50,329.818847,0.06,0.06672418751797526
42,50,330.079907,0.08,0.06754633993088281
44,50,330.600032,0.06,0.0621414913957935
46,50,330.902108,0.04,0.05188527231711247
38,50,331.232183,0.12,0.14126984126984127
38,50,331.504245,0.12,0.1220159151193634
40,50,331.765809,0.1,0.08547008547008547
40,50,332.014866,0.1,0.07636738906088751
46,50,332.284927,0.04,0.03385579937304075
46,50,332.538985,0.04,0.04392943618125216
48,50,332.791043,0.02,0.02199223803363519
44,50,333.036099,0.06,0.06528980679546968
44,50,333.331167,0.06,0.055286800276434005
46,50,333.619233,0.04,0.03543430542489809
42,50,333.910299,0.08,0.07802547770700637
42,50,334.154348,0.08,0.08970099667774087
46,50,334.411573,0.04,0.059628840888348036
48,50,334.653133,0.02,0.022694210066918824
48,50,334.899189,0.02,0.020550015110305228
46,50,335.137243,0.04,0.022110552763819097
48,50,335.418245,0.02,0.011235955056179775
44,50,335.669302,0.06,0.0646510131875201
46,50,335.931362,0.04,0.02751699579151829
42,50,336.410286,0.08,0.05515587529976019
50,50,336.737361,0.0,0.0
44,50,337.016425,0.06,0.047818499127399654
48,50,337.30149,0.02,0.011674449633088725
44,50,337.561551,0.06,0.06437768240343347
44,50,337.833617,0.06,0.0475
50,50,338.104682,0.0,0.0
50,50,338.370743,0.0,0.0
46,50,338.614805,0.04,0.05384087791495199
40,50,338.877864,0.1,0.1140625
48,50,339.137924,0.02,0.009863945578231292
48,50,339.416988,0.02,0.009207497533706017
48,50,339.669045,0.02,0.020791221484262202
48,50,339.926611,0.02,0.030918176139912556
50,50,340.175668,0.0,0.0
44,50,340.438729,0.06,0.04286164513079105
48,50,340.700794,0.02,0.018315018315018316
50,50,341.029869,0.0,0.0
42,50,341.292928,0.08,0.055029043106083766
48,50,341.596622,0.02,0.023204766384446535
50,50,342.168755,0.0,0.0
48,50,342.491829,0.02,0.008880431335236283
36,50,342.799908,0.14,0.15518882894319264
50,50,343.135984,0.0,0.0
46,50,343.446054,0.04,0.04131455399061033
48,50,343.769135,0.02,0.023310711124225437
46,50,344.046197,0.04,0.034722222222222224
48,50,344.368275,0.02,0.0216932811087677
44,50,344.642335,0.06,0.05348557692307692
48,50,344.969409,0.02,0.01811367895065584
44,50,345.258974,0.06,0.05596269153897402
48,50,345.584281,0.02,0.029320024953212728
42,50,345.861343,0.08,0.08299276956931782
48,50,346.185418,0.02,0.011699707507312317
44,50,346.456487,0.06,0.05501719287277274
44,50,346.773558,0.06,0.07277369932971593
48,50,347.062625,0.02,0.011748445058742226
46,50,347.372701,0.04,0.04896817068905212
50,50,347.634761,0.0,0.0
44,50,347.910825,0.06,0.07259354013431404
42,50,348.169883,0.08,0.07944514501891552
44,50,348.662997,0.06,0.06154326772883474
44,50,348.929058,0.06,0.0528146742567995
44,50,349.262134,0.06,0.058673469387755105
50,50,349.533196,0.0,0.0
48,50,349.823261,0.02,0.027249683143219267
48,50,350.085322,0.02,0.026248399487836107
48,50,350.384391,0.02,0.022711390635918937
48,50,350.666455,0.02,0.024039962535123322
46,50,350.983536,0.04,0.034342803621604745
46,50,351.286961,0.04,0.046359676415681395
44,50,351.618036,0.06,0.05278592375366569
50,50,351.884103,0.0,0.0
46,50,352.176169,0.04,0.04247460757156048
50,50,352.431736,0.0,0.0
40,50,352.720802,0.1,0.12919986144786977
50,50,352.984865,0.0,0.0
48,50,353.279829,0.02,0.013552758954501452
44,50,353.54689,0.06,0.060742070616397366
46,50,353.821954,0.04,0.050292018170019465
46,50,354.071013,0.04,0.035668789808917196
48,50,354.546122,0.02,0.023756731073804244
50,50,354.808182,0.0,0.0
44,50,355.099248,0.06,0.053976365378473334
44,50,355.370311,0.06,0.0711835334476844
46,50,355.688384,0.04,0.04015056461731493
46,50,356.005456,0.04,0.03552803129074315
44,50,356.344533,0.06,0.04735202492211838
46,50,356.624598,0.04,0.060353130016051366
50,50,356.93167,0.0,0.0
38,50,357.233746,0.12,0.10258868648130393
38,50,357.608338,0.12,0.10406553398058252
40,50,357.867397,0.1,0.07540335857754363
46,50,358.160464,0.04,0.04193758127438232
48,50,358.428857,0.02,0.008489993935718617
46,50,358.714188,0.04,0.033426183844011144
48,50,358.981757,0.02,0.015761234071093227
44,50,359.284828,0.06,0.049924357034795766
50,50,359.578896,0.0,0.0
42,50,359.873534,0.08,0.08809598989580045
44,50,360.139104,0.06,0.05348908699661851
44,50,360.424173,0.06,0.050613014775227914
42,50,360.875271,0.08,0.09802102659245517
46,50,361.181342,0.04,0.04407135362014691
48,50,361.465409,0.02,0.010467980295566502
46,50,361.787482,0.04,0.058227019954203464
50,50,362.117556,0.0,0.0
46,50,362.460648,0.04,0.04638854296388543
42,50,362.787382,0.08,0.07304075235109718
46,50,363.131971,0.04,0.050068587105624146
50,50,363.446043,0.0,0.0
50,50,363.826128,0.0,0.0
42,50,364.116195,0.08,0.06414848583523282
44,50,364.450287,0.06,0.04752851711026616
42,50,364.817379,0.08,0.07856308411214953
50,50,365.200466,0.0,0.0
44,50,365.533542,0.06,0.06215243702976775
46,50,365.857125,0.04,0.04923076923076923
46,50,366.1842,0.04,0.02017783857729138
50,50,366.503277,0.0,0.0
44,50,366.77534,0.06,0.07117890054019702
44,50,367.062407,0.06,0.06455951580363148
48,50,367.600531,0.02,0.014066895904970303
46,50,367.933605,0.04,0.03931285100759828
46,50,368.198666,0.04,0.04029899252518687
46,50,368.491734,0.04,0.03131782945736434
46,50,368.764795,0.04,0.0478330658105939
46,50,369.064867,0.04,0.038331071913161464
44,50,369.329856,0.06,0.04514824797843666
38,50,369.613426,0.12,0.13579493439121149
50,50,369.909493,0.0,0.0
48,50,370.227567,0.02,0.009762050030506406
50,50,370.494629,0.0,0.0
44,50,370.771691,0.06,0.07681515257804279
50,50,371.054755,0.0,0.0
46,50,371.354446,0.04,0.060616556979563564
46,50,371.629509,0.04,0.027202472952086554
50,50,371.928577,0.0,0.0
50,50,372.214644,0.0,0.0
42,50,372.508218,0.08,0.053611556982343496
48,50,372.78828,0.02,0.00943089430894309
48,50,373.084349,0.02,0.008403361344537815
50,50,373.340446,0.0,0.0
44,50,373.832563,0.06,0.06253740275284261
44,50,374.087365,0.06,0.04340836012861737
44,50,374.385433,0.06,0.05668934240362812
44,50,374.642495,0.06,0.051911718992850485
48,50,374.964569,0.02,0.01564995209198339
50,50,375.246632,0.0,0.0
50,50,375.550428,0.0,0.0
48,50,375.824506,0.02,0.02217741935483871
44,50,376.509664,0.06,0.042997542997543
44,50,376.776729,0.06,0.06340454858718125
48,50,377.088802,0.02,0.022829678582156804
40,50,377.358862,0.1,0.09207571382739814
42,50,377.654008,0.08,0.07257810034711265
46,50,377.940073,0.04,0.04208860759493671
46,50,378.255145,0.04,0.03922214897824654
46,50,378.557274,0.04,0.044064452482735945
48,50,378.855342,0.02,0.025477707006369428
48,50,379.135617,0.02,0.01938610662358643
48,50,379.431689,0.02,0.015067147068457255
48,50,379.692254,0.02,0.01018832973139858
46,50,380.24038,0.04,0.03367633302151544
46,50,380.537453,0.04,0.03026358607224211
40,50,380.849525,0.1,0.11828687967369136
50,50,381.195607,0.0,0.0
44,50,381.577205,0.06,0.06865371734762224
44,50,381.865271,0.06,0.07512626262626262
50,50,382.167155,0.0,0.0
48,50,382.433218,0.02,0.014088916718847839
48,50,382.725286,0.02,0.01379892987890735
46,50,382.989346,0.04,0.03300913645741232
46,50,383.273634,0.04,0.052126638951071315
48,50,383.531693,0.02,0.02604010775217001
48,50,383.838764,0.02,0.011367550809507406
46,50,384.108829,0.04,0.030570438071225968
44,50,384.401899,0.06,0.06186953597848016
44,50,384.67396,0.06,0.05405405405405406
48,50,384.971445,0.02,0.02091503267973856
48,50,385.236732,0.02,0.010836845273931367
48,50,385.524805,0.02,0.00922509225092251
42,50,385.774862,0.08,0.054637865311308764
50,50,386.062927,0.0,0.0
48,50,386.531036,0.02,0.02429514097180564
46,50,386.827103,0.04,0.04073856975381008
44,50,387.087476,0.06,0.07293035479632064
48,50,387.369937,0.02,0.021016949152542375
48,50,387.641999,0.02,0.011690363349131122
44,50,387.929063,0.06,0.07251047373509507
40,50,388.188124,0.1,0.08868393047179851
44,50,388.463186,0.06,0.06916329284750337
46,50,388.716244,0.04,0.035725007505253675
48,50,389.011049,0.02,0.013930950938824955
46,50,389.283112,0.04,0.03246533648968549
42,50,389.593182,0.08,0.05936227951153324
48,50,389.880248,0.02,0.008185985592665358
46,50,390.251316,0.04,0.05031035609278014
50,50,390.528379,0.0,0.0
48,50,390.803442,0.02,0.03166986564299424
50,50,391.078505,0.0,0.0
44,50,391.374572,0.06,0.0407098121085595
46,50,391.641634,0.04,0.024516129032258065
48,50,391.955706,0.02,0.009904371584699454
46,50,392.509833,0.04,0.028783658310120707
46,50,392.830907,0.04,0.027726432532347505
42,50,393.141978,0.08,0.061533704390847245
46,50,393.467562,0.04,0.03590101080515859
44,50,393.76163,0.06,0.05268389662027833
46,50,394.053696,0.04,0.021612349914236707
50,50,394.33676,0.0,0.0
48,50,394.612823,0.02,0.011494252873563218
48,50,394.88289,0.02,0.010604113110539846
46,50,395.19296,0.04,0.043859649122807015
50,50,395.462021,0.0,0.0
50,50,395.772811,0.0,0.0
46,50,396.048946,0.04,0.02458471760797342
46,50,396.383021,0.04,0.020583717357910907
48,50,396.680947,0.02,0.0286466908133026
44,50,397.017027,0.06,0.07579298831385643
42,50,397.303093,0.08,0.06257901390644753
48,50,397.634169,0.02,0.007893139040680024
48,50,397.922234,0.02,0.0165491878639289
46,50,398.262313,0.04,0.038914323086984955
42,50,398.559383,0.08,0.05298683766452919
42,50,399.071499,0.08,0.08260577568838147
44,50,399.336941,0.06,0.03702490170380079
46,50,399.686021,0.04,0.058174523570712136
44,50,399.963589,0.06,0.06554878048780488
48,50,400.250654,0.02,0.025633106856084
48,50,400.512714,0.02,0.022108298622236462
46,50,400.805781,0.04,0.03953922789539228
48,50,401.056838,0.02,0.01718420259270425
44,50,401.343904,0.06,0.07057211373758136
46,50,401.594164,0.04,0.03724569640062598
40,50,401.942244,0.1,0.08090503942406582
46,50,402.401349,0.04,0.04514948139109213
46,50,402.85797,0.04,0.048414023372287146
48,50,403.252054,0.02,0.01279317697228145
48,50,403.636142,0.02,0.020337922403003753
42,50,403.981956,0.08,0.06651147322913202
42,50,404.30503,0.08,0.08415683774306662
46,50,404.576092,0.04,0.05451807228915663
40,50,404.848154,0.1,0.09914320685434516
50,50,405.106215,0.0,0.0
46,50,405.541313,0.04,0.036011080332409975
46,50,405.80538,0.04,0.052019386106623586
44,50,406.063444,0.06,0.047470331043098064
44,50,406.310499,0.06,0.05159860715416271
46,50,406.555556,0.04,0.033082214215525714
46,50,406.788614,0.04,0.04298486932599725
48,50,407.03367,0.02,0.013875123885034688
44,50,407.255721,0.06,0.0744138634046891
48,50,407.505782,0.02,0.023101265822784812
44,50,407.740345,0.06,0.06063432835820896
46,50,408.005404,0.04,0.032719186785260486
46,50,408.246459,0.04,0.035818951481602086
48,50,408.504521,0.02,0.02157567832625041
48,50,408.745577,0.02,0.024886877828054297
50,50,409.012637,0.0,0.0
42,50,409.261696,0.08,0.08475628686743247
38,50,409.510659,0.12,0.10253937640630023
48,50,409.760717,0.02,0.017672557519173057
42,50,409.999771,0.08,0.06875
44,50,410.231828,0.06,0.0499664654594232
50,50,410.48618,0.0,0.0
46,50,410.914278,0.04,0.03704866562009419
46,50,411.177338,0.04,0.04509283819628647
48,50,411.425394,0.02,0.011953444479396037
44,50,411.673451,0.06,0.04421246545901136
46,50,411.902503,0.04,0.02267979707549985
46,50,412.159506,0.04,0.03750884642604388
48,50,412.385558,0.02,0.01313260730301089
48,50,412.634615,0.02,0.015030380556443877
48,50,412.878671,0.02,0.008380824673147838
48,50,413.132733,0.02,0.023309258043335522
38,50,413.363787,0.12,0.12007684918347743
44,50,413.627849,0.06,0.061116617112652795
50,50,413.865581,0.0,0.0
50,50,414.142706,0.0,0.0
46,50,414.380265,0.04,0.032612312811980036
46,50,414.631325,0.04,0.04465088402756967
50,50,414.886383,0.0,0.0
48,50,415.172451,0.02,0.017862838915470493
50,50,415.415508,0.0,0.0
44,50,415.690571,0.06,0.04381988516168027
50,50,416.132676,0.0,0.0
44,50,416.397835,0.06,0.03803131991051454
46,50,416.642891,0.04,0.044040652910378814
48,50,416.917954,0.02,0.009345794392523364
50,50,417.165011,0.0,0.0
46,50,417.461079,0.04,0.02603174603174603
48,50,417.700134,0.02,0.019715859669469413
44,50,417.94519,0.06,0.045837546343107514
48,50,418.207253,0.02,0.017139295730757245
46,50,418.469322,0.04,0.02553663952627683
48,50,418.707381,0.02,0.02859750532400365
40,50,418.978455,0.1,0.11366498740554157
50,50,419.26052,0.0,0.0
48,50,419.522578,0.02,0.009358752166377816
48,50,419.765637,0.02,0.019865319865319864
48,50,420.024696,0.02,0.011482607227288078
40,50,420.25675,0.1,0.09611829944547134
44,50,420.504053,0.06,0.049407783417935704
46,50,420.743113,0.04,0.03065134099616858
50,50,420.998171,0.0,0.0
46,50,421.239226,0.04,0.03749191984486102
46,50,421.676316,0.04,0.031575623618566466
42,50,421.909369,0.08,0.08775442108775443
46,50,422.212439,0.04,0.03564608529598982
44,50,422.443491,0.06,0.0567699836867863
46,50,422.697054,0.04,0.03342366757000903
46,50,422.951343,0.04,0.037405026300409115
46,50,423.200398,0.04,0.050096961861667746
46,50,423.434452,0.04,0.038339579129432116
46,50,423.679508,0.04,0.03459219295461758
48,50,423.921067,0.02,0.02124877410918601
42,50,424.182128,0.08,0.09396751740139211
44,50,424.444187,0.06,0.05415918611609814
50,50,424.699248,0.0,0.0
48,50,424.945305,0.02,0.017422748191978962
48,50,425.205364,0.02,0.023540489642184557
46,50,425.443104,0.04,0.03594559585492228
46,50,425.700162,0.04,0.0248565965583174
44,50,425.947725,0.06,0.08280447265034754
46,50,426.205784,0.04,0.036709275647328746
50,50,426.446838,0.0,0.0
48,50,426.887945,0.02,0.014553014553014554
48,50,427.146003,0.02,0.016169942929613188
46,50,427.419067,0.04,0.02260981912144703
50,50,427.661122,0.0,0.0
48,50,427.915181,0.02,0.022565320665083134
46,50,428.168244,0.04,0.03577235772357724
48,50,428.422296,0.02,0.009427374301675978
46,50,428.649351,0.04,0.03488372093023256
46,50,428.907918,0.04,0.04447151995126409
48,50,429.162977,0.02,0.012903225806451613
48,50,429.42304,0.02,0.01091362644215778
46,50,429.659096,0.04,0.04887459807073955
48,50,429.912165,0.02,0.024348422496570644
48,50,430.179226,0.02,0.01406799531066823
46,50,430.446291,0.04,0.044569993722536096
48,50,430.722354,0.02,0.027017543859649124
46,50,431.000418,0.04,0.026053393374075265
44,50,431.238472,0.06,0.06320610687022901
46,50,431.499412,0.04,0.04831864185439112
40,50,431.731973,0.1,0.06780238500851789
48,50,432.189079,0.02,0.015281757402101241
44,50,432.431133,0.06,0.05430140329469189
48,50,432.693196,0.02,0.00865533230293663
44,50,432.936252,0.06,0.060615989515072084
46,50,433.200314,0.04,0.054078826764436295
46,50,433.445371,0.04,0.02470623681831877
44,50,433.713432,0.06,0.05979173664763184
44,50,433.958489,0.06,0.06252035167697818
50,50,434.220551,0.0,0.0
48,50,434.47861,0.02,0.010552451893234015
48,50,434.742671,0.02,0.01186161449752883
40,50,435.007533,0.1,0.09412806137503689
44,50,435.266596,0.06,0.05281358063502043
50,50,435.530657,0.0,0.0
42,50,435.79172,0.08,0.0795868772782503
48,50,436.032959,0.02,0.01046290424857324
48,50,436.297526,0.02,0.015773907328294447
48,50,436.542582,0.02,0.01447562776957164
46,50,436.79564,0.04,0.03779732811990877
50,50,437.046697,0.0,0.0
46,50,437.340767,0.04,0.053069053708439895
48,50,437.826893,0.02,0.016689847009735744
42,50,438.148217,0.08,0.06066873491899345
48,50,438.455288,0.02,0.010500525026251312
46,50,438.743353,0.04,0.039166925707180604
42,50,438.99324,0.08,0.06639703404111898
48,50,439.272812,0.02,0.03194993412384717
48,50,439.531873,0.02,0.027018728891618052
48,50,439.856369,0.02,0.011780104712041885
50,50,440.122436,0.0,0.0
50,50,440.407508,0.0,0.0
46,50,440.681569,0.04,0.03615960099750624
50,50,441.013648,0.0,0.0
50,50,441.327224,0.0,0.0
46,50,441.649297,0.04,0.05675923100396704
48,50,441.925359,0.02,0.0282077743378053
48,50,442.246443,0.02,0.011526479750778817
48,50,442.561513,0.02,0.017509727626459144
46,50,442.893597,0.04,0.05942492012779553
48,50,443.169811,0.02,0.01056338028169014
50,50,443.419377,0.0,0.0
50,50,443.826469,0.0,0.0
42,50,444.082529,0.08,0.05115089514066496
50,50,444.33059,0.0,0.0
50,50,444.626657,0.0,0.0
44,50,444.887717,0.06,0.049985298441634816
50,50,445.1756,0.0,0.0
48,50,445.452662,0.02,0.015703517587939697
48,50,445.719897,0.02,0.010739856801909307
48,50,445.985957,0.02,0.01568627450980392
46,50,446.270022,0.04,0.039258114374034
48,50,446.512676,0.02,0.020534550195567144
48,50,446.798742,0.02,0.014193150262264732
48,50,447.069804,0.02,0.010501355013550135
50,50,447.350868,0.0,0.0
48,50,447.641935,0.02,0.01626545217957059
50,50,447.939003,0.0,0.0
50,50,448.230069,0.0,0.0
46,50,448.560145,0.04,0.04883720930232558
46,50,448.853098,0.04,0.06484517304189436
50,50,449.167171,0.0,0.0
46,50,449.515251,0.04,0.03326011923438971
46,50,450.098389,0.04,0.03140096618357488
50,50,450.403459,0.0,0.0
50,50,450.72916,0.0,0.0
42,50,451.009224,0.08,0.06700379266750948
48,50,451.3143,0.02,0.02120141342756184
44,50,451.591369,0.06,0.05693828844186839
50,50,451.926444,0.0,0.0
46,50,452.215511,0.04,0.03007280785058563
46,50,452.486578,0.04,0.035931790499390985
40,50,452.744637,0.1,0.0810009878169246
48,50,453.046707,0.02,0.010889856876166771
50,50,453.33978,0.0,0.0
48,50,453.626446,0.02,0.00792393026941363
42,50,453.877503,0.08,0.0793698879127537
46,50,454.138563,0.04,0.03849570624814924
50,50,454.37162,0.0,0.0
50,50,454.636685,0.0,0.0
48,50,454.893744,0.02,0.014236001265422335
48,50,455.213412,0.02,0.026455026455026454
46,50,455.494475,0.04,0.03466583385384135
48,50,456.038604,0.02,0.012009087958455048
50,50,456.38968,0.0,0.0
46,50,456.696753,0.04,0.0329073482428115
46,50,457.051835,0.04,0.04565772669220945
46,50,457.396914,0.04,0.04100069492703266
48,50,457.65597,0.02,0.017909475740801043
48,50,457.962039,0.02,0.02540272614622057
48,50,458.220101,0.02,0.01187937861711849
46,50,458.467263,0.04,0.026420079260237782
40,50,458.697317,0.1,0.0776129699896516
50,50,458.943372,0.0,0.0
42,50,459.173429,0.08,0.08767027593433462
50,50,459.426483,0.0,0.0
44,50,459.650534,0.06,0.05236907730673317
48,50,459.916892,0.02,0.031545741324921134
44,50,460.175949,0.06,0.0632640586797066
50,50,460.458519,0.0,0.0
46,50,460.696574,0.04,0.040101041995579415
50,50,460.962634,0.0,0.0
46,50,461.198271,0.04,0.02959183673469388
46,50,461.45433,0.04,0.02494403581707707
48,50,461.943697,0.02,0.02003434459072696
46,50,462.273774,0.04,0.03085073231536304
48,50,462.563839,0.02,0.009810554803788904
48,50,462.852906,0.02,0.029392764857881136
46,50,463.111965,0.04,0.038546603475513426
48,50,463.416035,0.02,0.02121595946801773
50,50,463.681096,0.0,0.0
50,50,464.012171,0.0,0.0
48,50,464.278236,0.02,0.02270606531881804
48,50,464.586813,0.02,0.016563146997929608
46,50,464.846873,0.04,0.030524220305242204
48,50,465.134945,0.02,0.016194331983805668
46,50,465.391007,0.04,0.04949874686716792
46,50,465.698078,0.04,0.03032258064516129
50,50,465.972139,0.0,0.0
48,50,466.254809,0.02,0.019496632399858205
48,50,466.523377,0.02,0.013509166934705693
48,50,466.811442,0.02,0.019822282980177717
44,50,467.0615,0.06,0.04712207463630613
48,50,467.311133,0.02,0.019007731958762885
50,50,467.727228,0.0,0.0
42,50,467.979791,0.08,0.09443339960238568
50,50,468.227849,0.0,0.0
46,50,468.522917,0.04,0.026867627785058978
48,50,468.817385,0.02,0.01592920353982301
48,50,469.131458,0.02,0.028051327961802448
50,50,469.412522,0.0,0.0
44,50,469.722591,0.06,0.05553602811950791
46,50,470.011658,0.04,0.04040404040404041
48,50,470.279719,0.02,0.02724252491694352
48,50,470.54177,0.02,0.012591119946984758
46,50,470.793828,0.04,0.0171606864274571
50,50,471.045885,0.0,0.0
50,50,471.303944,0.0,0.0
48,50,471.568005,0.02,0.01592863969417012
42,50,471.876075,0.08,0.051375538614517734
50,50,472.130133,0.0,0.0
44,50,472.383193,0.06,0.05664778407197601
42,50,472.614246,0.08,0.06791569086651054
48,50,472.870305,0.02,0.015793251974156496
48,50,473.104359,0.02,0.014303877940241577
40,50,473.516457,0.1,0.09584367245657568
46,50,473.743508,0.04,0.03561387066541706
46,50,473.99257,0.04,0.0370843989769821
48,50,474.233628,0.02,0.02502606882168926
44,50,474.47319,0.06,0.024901305800182204
44,50,474.698241,0.06,0.06047865459249677
46,50,474.943297,0.04,0.03379520108144644
48,50,475.181356,0.02,0.014170692431561997
48,50,475.452418,0.02,0.019661952397378408
48,50,475.715478,0.02,0.013019000703729768
48,50,475.987541,0.02,0.012483130904183536
48,50,476.240602,0.02,0.011356045424181697
46,50,476.485659,0.04,0.037990985189954925
44,50,476.715712,0.06,0.05071770334928229
48,50,476.961771,0.02,0.030866246266179887
46,50,477.193828,0.04,0.03173076923076923
46,50,477.436884,0.04,0.0267188009123493
50,50,477.672941,0.0,0.0
46,50,477.922001,0.04,0.04190533614712089
50,50,478.158562,0.0,0.0
50,50,478.566655,0.0,0.0
48,50,478.807709,0.02,0.03048780487804878
46,50,479.080772,0.04,0.04788639365918098
50,50,479.320827,0.0,0.0
48,50,479.578886,0.02,0.01823607427055703
48,50,479.832944,0.02,0.00808015513897867
44,50,480.146022,0.06,0.05479023168440827
46,50,480.395079,0.04,0.03385049365303244
50,50,480.666368,0.0,0.0
48,50,480.917426,0.02,0.013793103448275862
48,50,481.185991,0.02,0.0103125
48,50,481.435048,0.02,0.011608057357459884
48,50,481.728124,0.02,0.02701005025125628
44,50,481.992203,0.06,0.06464104855525767
46,50,482.28527,0.04,0.06355258976803305
48,50,482.560334,0.02,0.020621729763004002
48,50,482.827463,0.02,0.031269942565411615
46,50,483.074519,0.04,0.03513996426444312
40,50,483.331578,0.1,0.09311224489795919
50,50,483.627223,0.0,0.0
44,50,483.961373,0.06,0.037454545454545456
48,50,484.402473,0.02,0.02548958657133976
42,50,484.64853,0.08,0.07046527309507755
46,50,484.887224,0.04,0.027786649632705204
50,50,485.140164,0.0,0.0
50,50,485.377723,0.0,0.0
46,50,485.62571,0.04,0.049175225645813885
46,50,485.854764,0.04,0.0392214685933353
48,50,486.110825,0.02,0.01455160744500846
48,50,486.346879,0.02,0.02077687443541102
46,50,486.595937,0.04,0.049932065217391304
42,50,486.827992,0.08,0.09442583003350594
46,50,487.082051,0.04,0.023611997447351627
48,50,487.314103,0.02,0.01451841359773371
44,50,487.56416,0.06,0.06343526350032531
48,50,487.800206,0.02,0.017892644135188866
50,50,488.055268,0.0,0.0
48,50,488.30083,0.02,0.028019925280199254
50,50,488.565892,0.0,0.0
48,50,488.812951,0.02,0.008222643896268185
46,50,489.062013,0.04,0.041499330655957165
46,50,489.553125,0.04,0.03347406513872135
46,50,489.855194,0.04,0.030848329048843187
46,50,490.13853,0.04,0.02527202527202527
46,50,490.390095,0.04,0.04339185160649221
50,50,490.626152,0.0,0.0
50,50,490.870205,0.0,0.0
46,50,491.126264,0.04,0.03397391901166781
50,50,491.388179,0.0,0.0
48,50,491.669242,0.02,0.010498687664041995
48,50,491.929302,0.02,0.01153984853948792
48,50,492.169357,0.02,0.007814942169427946
50,50,492.428417,0.0,0.0
50,50,492.668471,0.0,0.0
48,50,492.95932,0.02,0.028139183055975795
50,50,493.226736,0.0,0.0
44,50,493.495774,0.06,0.06761107533805538
46,50,493.758833,0.04,0.05740859525336754
48,50,494.018893,0.02,0.026398491514770583
50,50,494.330868,0.0,0.0
50,50,494.581926,0.0,0.0
46,50,494.842986,0.04,0.03951890034364261
44,50,495.37815,0.06,0.06221792392005158
50,50,495.638209,0.0,0.0
48,50,495.906271,0.02,0.023434884499497825
46,50,496.215343,0.04,0.048503611971104234
50,50,496.512411,0.0,0.0
46,50,496.77247,0.04,0.02414681262073406
44,50,497.089818,0.06,0.052895148669796554
48,50,497.371883,0.02,0.013944840409048653
50,50,497.661948,0.0,0.0
44,50,497.93555,0.06,0.04704344985298922
50,50,498.224624,0.0,0.0
48,50,498.46968,0.02,0.0250814332247557
50,50,498.72974,0.0,0.0
48,50,498.981797,0.02,0.018604651162790697
48,50,499.238855,0.02,0.019954940457032506
46,50,499.468909,0.04,0.030491599253266957
50,50,499.720966,0.0,0.0
48,50,499.951025,0.02,0.02012136697540722
50,50,500.219084,0.0,0.0
48,50,500.46414,0.02,0.011966364812419146
48,50,500.924063,0.02,0.029310344827586206
46,50,501.169119,0.04,0.02812113720642769
48,50,501.429179,0.02,0.020892151326933936
50,50,501.69224,0.0,0.0
48,50,501.952299,0.02,0.008441558441558441
38,50,502.194355,0.12,0.1242955541640576
46,50,502.466416,0.04,0.04519433564326605
48,50,502.698468,0.02,0.031081081081081083
50,50,502.975532,0.0,0.0
48,50,503.22559,0.02,0.026796973518284993
46,50,503.473646,0.04,0.04891661195009849
50,50,503.759218,0.0,0.0
46,50,504.035281,0.04,0.042531473290234774
46,50,504.283341,0.04,0.042624961668199936
50,50,504.576409,0.0,0.0
48,50,504.848471,0.02,0.0164257555847569
50,50,505.135537,0.0,0.0
44,50,505.383593,0.06,0.05268261150614092
50,50,505.658656,0.0,0.0
48,50,505.884708,0.02,0.01604978709466099
50,50,506.168772,0.0,0.0
48,50,506.564863,0.02,0.02316036352975667
46,50,506.810924,0.04,0.052752293577981654
50,50,507.05398,0.0,0.0
50,50,507.310162,0.0,0.0
50,50,507.546215,0.0,0.0
48,50,507.811275,0.02,0.02274851978809598
46,50,508.097682,0.04,0.028517110266159697
50,50,508.378748,0.0,0.0
48,50,508.642808,0.02,0.010048622366288493
44,50,508.916018,0.06,0.0785925682341335
44,50,509.181079,0.06,0.07050889025137952
48,50,509.456141,0.02,0.020621827411167512
50,50,509.689195,0.0,0.0
48,50,509.945253,0.02,0.01716321243523316
48,50,510.185432,0.02,0.026536781995297277
44,50,510.418008,0.06,0.04232469993682881
48,50,510.642059,0.02,0.011370814908401769
46,50,510.923128,0.04,0.04400371862410908
46,50,511.184192,0.04,0.044423138382869924
46,50,511.52627,0.04,0.022288755821689953
46,50,512.038392,0.04,0.04922042188933048
50,50,512.381471,0.0,0.0
50,50,512.65115,0.0,0.0
48,50,512.920212,0.02,0.028246852932146148
50,50,513.183626,0.0,0.0
48,50,513.506701,0.02,0.022719896137617657
46,50,513.771762,0.04,0.03485332558814987
48,50,514.058166,0.02,0.027538155275381553
46,50,514.307228,0.04,0.042797202797202796
48,50,514.604808,0.02,0.01227390180878553
48,50,514.867868,0.02,0.008395522388059701
50,50,515.176937,0.0,0.0
48,50,515.441005,0.02,0.02760023242300988
50,50,515.725069,0.0,0.0
44,50,516.009134,0.06,0.08315029808597427
48,50,516.294199,0.02,0.012424565140220093
42,50,516.586266,0.08,0.07469304229195088
46,50,516.897338,0.04,0.030068195908245506
46,50,517.204415,0.04,0.05930193154862758
48,50,517.46698,0.02,0.01732283464566929
48,50,517.698033,0.02,0.01693889897156685
48,50,518.125133,0.02,0.01031636863823934
50,50,518.357189,0.0,0.0
50,50,518.630251,0.0,0.0
48,50,518.873306,0.02,0.010862409479921
44,50,519.123367,0.06,0.06448126801152737
48,50,519.363422,0.02,0.02750309023485785
48,50,519.610478,0.02,0.026729559748427674
48,50,519.840533,0.02,0.008898435102792267
50,50,520.088592,0.0,0.0
46,50,520.308643,0.04,0.04673475704116373
50,50,520.553701,0.0,0.0
46,50,520.775752,0.04,0.04066312167657179
48,50,521.009308,0.02,0.025091799265605876
46,50,521.238362,0.04,0.02936378466557912
46,50,521.488419,0.04,0.01791782514674081
46,50,521.763483,0.04,0.03180212014134275
42,50,522.024544,0.08,0.09497921330348577
48,50,522.267601,0.02,0.014808099123602297
48,50,522.554666,0.02,0.01912568306010929
48,50,522.804726,0.02,0.019639407598197038
48,50,523.324846,0.02,0.01022938623682579
44,50,523.564902,0.06,0.06639765223771094
42,50,523.849967,0.08,0.07786633966891478
50,50,524.106026,0.0,0.0
42,50,524.392096,0.08,0.05852737570799245
48,50,524.634154,0.02,0.023482053002348204
46,50,524.887716,0.04,0.036103542234332424
44,50,525.117769,0.06,0.04404841963685272
48,50,525.363824,0.02,0.018717397974838908
48,50,525.594879,0.02,0.029318036966220522
48,50,525.832934,0.02,0.016931216931216932
48,50,526.070988,0.02,0.01403148528405202
50,50,526.314046,0.0,0.0
46,50,526.5481,0.04,0.04271597067261715
46,50,526.785156,0.04,0.03446172613601708
50,50,527.040214,0.0,0.0
46,50,527.31228,0.04,0.03510498687664042
48,50,527.575343,0.02,0.014788524105294291
48,50,527.846804,0.02,0.018633540372670808
48,50,528.098862,0.02,0.01800600200066689
48,50,528.387652,0.02,0.019155844155844155
48,50,528.843895,0.02,0.009800918836140888
42,50,529.083454,0.08,0.0700363396101751
40,50,529.313507,0.1,0.09170437405731523
50,50,529.563567,0.0,0.0
48,50,529.802624,0.02,0.02904040404040404
50,50,530.071756,0.0,0.0
50,50,530.341818,0.0,0.0
48,50,530.590877,0.02,0.029503105590062112
44,50,530.876338,0.06,0.0387696251201538
46,50,531.1454,0.04,0.02122186495176849
50,50,531.401459,0.0,0.0
48,50,531.657842,0.02,0.01605929586164299
44,50,531.9005,0.06,0.036309127248501
50,50,532.176566,0.0,0.0
48,50,532.570657,0.02,0.011479173499508036
48,50,532.86481,0.02,0.010676156583629894
46,50,533.128429,0.04,0.02303860523038605
50,50,533.377488,0.0,0.0
48,50,533.616541,0.02,0.008447043534762833
50,50,533.868683,0.0,0.0
50,50,534.315297,0.0,0.0
50,50,534.589362,0.0,0.0
44,50,534.853483,0.06,0.0640788662969809
48,50,535.135547,0.02,0.025068786303882606
46,50,535.382607,0.04,0.0297029702970297
50,50,535.65567,0.0,0.0
46,50,535.903886,0.04,0.021310432569974554
50,50,536.171952,0.0,0.0
48,50,536.409008,0.02,0.009511731135066582
50,50,536.648062,0.0,0.0
44,50,536.873329,0.06,0.061946902654867256
48,50,537.133392,0.02,0.012207192345760474
46,50,537.373951,0.04,0.0321823667448877
50,50,537.629011,0.0,0.0
48,50,537.902963,0.02,0.017707985299031073
46,50,538.180029,0.04,0.02979011509817197
46,50,538.440089,0.04,0.04054054054054054
46,50,538.74616,0.04,0.022339027595269383
48,50,539.041294,0.02,0.013884506153360681
48,50,539.326479,0.02,0.01547508511296812
48,50,539.56904,0.02,0.014419852448021462
46,50,540.063241,0.04,0.045813586097946286
46,50,540.319301,0.04,0.03236797274275979
42,50,540.567357,0.08,0.06405817174515235
46,50,540.796409,0.04,0.03904
44,50,541.035551,0.06,0.07101985863345675
48,50,541.268604,0.02,0.012978585334198572
50,50,541.510662,0.0,0.0
50,50,541.751717,0.0,0.0
48,50,541.995,0.02,0.010289389067524116
48,50,542.232142,0.02,0.026171637248934874
44,50,542.491706,0.06,0.04492617027961043
50,50,542.744765,0.0,0.0
48,50,543.026953,0.02,0.008533501896333754
46,50,543.272469,0.04,0.01895093062605753
46,50,543.511527,0.04,0.02219363139273078
46,50,543.76109,0.04,0.026341150016061677
50,50,544.041206,0.0,0.0
46,50,544.304272,0.04,0.03076923076923077
50,50,544.569331,0.0,0.0
50,50,544.826391,0.0,0.0
48,50,545.404718,0.02,0.01282483968950388
50,50,545.719362,0.0,0.0
50,50,546.025281,0.0,0.0
48,50,546.320396,0.02,0.009669889963321108
48,50,546.578997,0.02,0.012353923205342237
48,50,546.819533,0.02,0.020780856423173802
48,50,547.078841,0.02,0.009371221281741234
48,50,547.316948,0.02,0.03011855174623518
46,50,547.579537,0.04,0.03832528180354267
46,50,547.846072,0.04,0.04996186117467582
50,50,548.129446,0.0,0.0
50,50,548.379955,0.0,0.0
50,50,548.650118,0.0,0.0
50,50,548.907259,0.0,0.0
48,50,549.173169,0.02,0.011806797853309481
46,50,549.423192,0.04,0.026737967914438502
50,50,549.695173,0.0,0.0
50,50,549.952909,0.0,0.0
48,50,550.224139,0.02,0.01621271076523995
48,50,550.472824,0.02,0.009993552546744036
48,50,550.730382,0.02,0.007768800497203232
